<?xml version="1.0" encoding="UTF-8"?>
<gpx version="1.1" creator="PulseFrame demo" xmlns="http://www.topografix.com/GPX/1/1" xmlns:gpxtpx="http://www.garmin.com/xmlschemas/TrackPointExtension/v1">
  <metadata><name>Demo run (synthetic)</name><time>2026-01-01T08:00:00Z</time></metadata>
  <trk><name>Demo run</name><type>running</type><trkseg>
    <trkpt lat="47.60627" lon="-122.332062"><ele>40.2</ele><time>2026-01-01T08:00:00Z</time><extensions><gpxtpx:TrackPointExtension><gpxtpx:hr>150</gpxtpx:hr></gpxtpx:TrackPointExtension></extensions></trkpt>
    <trkpt lat="47.60634" lon="-122.332023"><ele>40.0</ele><time>2026-01-01T08:00:03Z</time><extensions><gpxtpx:TrackPointExtension><gpxtpx:hr>149</gpxtpx:hr></gpxtpx:TrackPointExtension></extensions></trkpt>
    <trkpt lat="47.606409" lon="-122.331982"><ele>40.4</ele><time>2026-01-01T08:00:06Z</time><extensions><gpxtpx:TrackPointExtension><gpxtpx:hr>149</gpxtpx:hr></gpxtpx:TrackPointExtension></extensions></trkpt>
    <trkpt lat="47.606473" lon="-122.331942"><ele>40.3</ele><time>2026-01-01T08:00:09Z</time><extensions><gpxtpx:TrackPointExtension><gpxtpx:hr>149</gpxtpx:hr></gpxtpx:TrackPointExtension></extensions></trkpt>
    <trkpt lat="47.606542" lon="-122.331898"><ele>40.3</ele><time>2026-01-01T08:00:12Z</time><extensions><gpxtpx:TrackPointExtension><gpxtpx:hr>149</gpxtpx:hr></gpxtpx:TrackPointExtension></extensions></trkpt>
    <trkpt lat="47.60661" lon="-122.331853"><ele>40.2</ele><time>2026-01-01T08:00:15Z</time><extensions><gpxtpx:TrackPointExtension><gpxtpx:hr>151</gpxtpx:hr></gpxtpx:TrackPointExtension></extensions></trkpt>
    <trkpt lat="47.606681" lon="-122.331804"><ele>40.2</ele><time>2026-01-01T08:00:18Z</time><extensions><gpxtpx:TrackPointExtension><gpxtpx:hr>146</gpxtpx:hr></gpxtpx:TrackPointExtension></extensions></trkpt>
    <trkpt lat="47.606748" lon="-122.331756"><ele>40.4</ele><time>2026-01-01T08:00:21Z</time><extensions><gpxtpx:TrackPointExtension><gpxtpx:hr>148</gpxtpx:hr></gpxtpx:TrackPointExtension></extensions></trkpt>
    <trkpt lat="47.606817" lon="-122.331704"><ele>40.7</ele><time>2026-01-01T08:00:24Z</time><extensions><gpxtpx:TrackPointExtension><gpxtpx:hr>147</gpxtpx:hr></gpxtpx:TrackPointExtension></extensions></trkpt>
    <trkpt lat="47.606887" lon="-122.33165"><ele>40.6</ele><time>2026-01-01T08:00:27Z</time><extensions><gpxtpx:TrackPointExtension><gpxtpx:hr>152</gpxtpx:hr></gpxtpx:TrackPointExtension></extensions></trkpt>
    <trkpt lat="47.606954" lon="-122.331597"><ele>41.2</ele><time>2026-01-01T08:00:30Z</time><extensions><gpxtpx:TrackPointExtension><gpxtpx:hr>151</gpxtpx:hr></gpxtpx:TrackPointExtension></extensions></trkpt>
    <trkpt lat="47.607022" lon="-122.33154"><ele>40.9</ele><time>2026-01-01T08:00:33Z</time><extensions><gpxtpx:TrackPointExtension><gpxtpx:hr>148</gpxtpx:hr></gpxtpx:TrackPointExtension></extensions></trkpt>
    <trkpt lat="47.607084" lon="-122.331487"><ele>41.1</ele><time>2026-01-01T08:00:36Z</time><extensions><gpxtpx:TrackPointExtension><gpxtpx:hr>151</gpxtpx:hr></gpxtpx:TrackPointExtension></extensions></trkpt>
    <trkpt lat="47.607145" lon="-122.331433"><ele>41.1</ele><time>2026-01-01T08:00:39Z</time><extensions><gpxtpx:TrackPointExtension><gpxtpx:hr>149</gpxtpx:hr></gpxtpx:TrackPointExtension></extensions></trkpt>
    <trkpt lat="47.607207" lon="-122.331376"><ele>41.3</ele><time>2026-01-01T08:00:42Z</time><extensions><gpxtpx:TrackPointExtension><gpxtpx:hr>153</gpxtpx:hr></gpxtpx:TrackPointExtension></extensions></trkpt>
    <trkpt lat="47.607271" lon="-122.331315"><ele>41.3</ele><time>2026-01-01T08:00:45Z</time><extensions><gpxtpx:TrackPointExtension><gpxtpx:hr>152</gpxtpx:hr></gpxtpx:TrackPointExtension></extensions></trkpt>
    <trkpt lat="47.607337" lon="-122.331251"><ele>41.5</ele><time>2026-01-01T08:00:48Z</time><extensions><gpxtpx:TrackPointExtension><gpxtpx:hr>150</gpxtpx:hr></gpxtpx:TrackPointExtension></extensions></trkpt>
    <trkpt lat="47.607396" lon="-122.331191"><ele>42.0</ele><time>2026-01-01T08:00:51Z</time><extensions><gpxtpx:TrackPointExtension><gpxtpx:hr>147</gpxtpx:hr></gpxtpx:TrackPointExtension></extensions></trkpt>
    <trkpt lat="47.607462" lon="-122.331122"><ele>41.4</ele><time>2026-01-01T08:00:54Z</time><extensions><gpxtpx:TrackPointExtension><gpxtpx:hr>152</gpxtpx:hr></gpxtpx:TrackPointExtension></extensions></trkpt>
    <trkpt lat="47.607524" lon="-122.331056"><ele>41.5</ele><time>2026-01-01T08:00:57Z</time><extensions><gpxtpx:TrackPointExtension><gpxtpx:hr>147</gpxtpx:hr></gpxtpx:TrackPointExtension></extensions></trkpt>
    <trkpt lat="47.607585" lon="-122.330988"><ele>41.8</ele><time>2026-01-01T08:01:00Z</time><extensions><gpxtpx:TrackPointExtension><gpxtpx:hr>147</gpxtpx:hr></gpxtpx:TrackPointExtension></extensions></trkpt>
    <trkpt lat="47.607642" lon="-122.330923"><ele>41.8</ele><time>2026-01-01T08:01:03Z</time><extensions><gpxtpx:TrackPointExtension><gpxtpx:hr>149</gpxtpx:hr></gpxtpx:TrackPointExtension></extensions></trkpt>
    <trkpt lat="47.607703" lon="-122.330852"><ele>42.3</ele><time>2026-01-01T08:01:06Z</time><extensions><gpxtpx:TrackPointExtension><gpxtpx:hr>149</gpxtpx:hr></gpxtpx:TrackPointExtension></extensions></trkpt>
    <trkpt lat="47.607758" lon="-122.330785"><ele>42.0</ele><time>2026-01-01T08:01:09Z</time><extensions><gpxtpx:TrackPointExtension><gpxtpx:hr>154</gpxtpx:hr></gpxtpx:TrackPointExtension></extensions></trkpt>
    <trkpt lat="47.607815" lon="-122.330713"><ele>42.3</ele><time>2026-01-01T08:01:12Z</time><extensions><gpxtpx:TrackPointExtension><gpxtpx:hr>154</gpxtpx:hr></gpxtpx:TrackPointExtension></extensions></trkpt>
    <trkpt lat="47.607875" lon="-122.330637"><ele>42.6</ele><time>2026-01-01T08:01:15Z</time><extensions><gpxtpx:TrackPointExtension><gpxtpx:hr>149</gpxtpx:hr></gpxtpx:TrackPointExtension></extensions></trkpt>
    <trkpt lat="47.607932" lon="-122.330561"><ele>42.1</ele><time>2026-01-01T08:01:18Z</time><extensions><gpxtpx:TrackPointExtension><gpxtpx:hr>153</gpxtpx:hr></gpxtpx:TrackPointExtension></extensions></trkpt>
    <trkpt lat="47.607988" lon="-122.330485"><ele>42.5</ele><time>2026-01-01T08:01:21Z</time><extensions><gpxtpx:TrackPointExtension><gpxtpx:hr>149</gpxtpx:hr></gpxtpx:TrackPointExtension></extensions></trkpt>
    <trkpt lat="47.608046" lon="-122.330403"><ele>42.8</ele><time>2026-01-01T08:01:24Z</time><extensions><gpxtpx:TrackPointExtension><gpxtpx:hr>155</gpxtpx:hr></gpxtpx:TrackPointExtension></extensions></trkpt>
    <trkpt lat="47.608103" lon="-122.330321"><ele>43.0</ele><time>2026-01-01T08:01:27Z</time><extensions><gpxtpx:TrackPointExtension><gpxtpx:hr>152</gpxtpx:hr></gpxtpx:TrackPointExtension></extensions></trkpt>
    <trkpt lat="47.608158" lon="-122.330239"><ele>42.8</ele><time>2026-01-01T08:01:30Z</time><extensions><gpxtpx:TrackPointExtension><gpxtpx:hr>153</gpxtpx:hr></gpxtpx:TrackPointExtension></extensions></trkpt>
    <trkpt lat="47.608207" lon="-122.330163"><ele>43.1</ele><time>2026-01-01T08:01:33Z</time><extensions><gpxtpx:TrackPointExtension><gpxtpx:hr>151</gpxtpx:hr></gpxtpx:TrackPointExtension></extensions></trkpt>
    <trkpt lat="47.608259" lon="-122.330081"><ele>42.8</ele><time>2026-01-01T08:01:36Z</time><extensions><gpxtpx:TrackPointExtension><gpxtpx:hr>154</gpxtpx:hr></gpxtpx:TrackPointExtension></extensions></trkpt>
    <trkpt lat="47.608313" lon="-122.329994"><ele>43.1</ele><time>2026-01-01T08:01:39Z</time><extensions><gpxtpx:TrackPointExtension><gpxtpx:hr>151</gpxtpx:hr></gpxtpx:TrackPointExtension></extensions></trkpt>
    <trkpt lat="47.608362" lon="-122.329912"><ele>43.5</ele><time>2026-01-01T08:01:42Z</time><extensions><gpxtpx:TrackPointExtension><gpxtpx:hr>150</gpxtpx:hr></gpxtpx:TrackPointExtension></extensions></trkpt>
    <trkpt lat="47.60841" lon="-122.329829"><ele>43.0</ele><time>2026-01-01T08:01:45Z</time><extensions><gpxtpx:TrackPointExtension><gpxtpx:hr>150</gpxtpx:hr></gpxtpx:TrackPointExtension></extensions></trkpt>
    <trkpt lat="47.60846" lon="-122.32974"><ele>43.3</ele><time>2026-01-01T08:01:48Z</time><extensions><gpxtpx:TrackPointExtension><gpxtpx:hr>150</gpxtpx:hr></gpxtpx:TrackPointExtension></extensions></trkpt>
    <trkpt lat="47.608505" lon="-122.329658"><ele>43.1</ele><time>2026-01-01T08:01:51Z</time><extensions><gpxtpx:TrackPointExtension><gpxtpx:hr>151</gpxtpx:hr></gpxtpx:TrackPointExtension></extensions></trkpt>
    <trkpt lat="47.608552" lon="-122.32957"><ele>43.2</ele><time>2026-01-01T08:01:54Z</time><extensions><gpxtpx:TrackPointExtension><gpxtpx:hr>156</gpxtpx:hr></gpxtpx:TrackPointExtension></extensions></trkpt>
    <trkpt lat="47.608598" lon="-122.32948"><ele>43.9</ele><time>2026-01-01T08:01:57Z</time><extensions><gpxtpx:TrackPointExtension><gpxtpx:hr>150</gpxtpx:hr></gpxtpx:TrackPointExtension></extensions></trkpt>
    <trkpt lat="47.608644" lon="-122.329389"><ele>43.6</ele><time>2026-01-01T08:02:00Z</time><extensions><gpxtpx:TrackPointExtension><gpxtpx:hr>151</gpxtpx:hr></gpxtpx:TrackPointExtension></extensions></trkpt>
    <trkpt lat="47.608687" lon="-122.329299"><ele>43.7</ele><time>2026-01-01T08:02:03Z</time><extensions><gpxtpx:TrackPointExtension><gpxtpx:hr>151</gpxtpx:hr></gpxtpx:TrackPointExtension></extensions></trkpt>
    <trkpt lat="47.608729" lon="-122.329211"><ele>44.3</ele><time>2026-01-01T08:02:06Z</time><extensions><gpxtpx:TrackPointExtension><gpxtpx:hr>151</gpxtpx:hr></gpxtpx:TrackPointExtension></extensions></trkpt>
    <trkpt lat="47.60877" lon="-122.32912"><ele>44.4</ele><time>2026-01-01T08:02:09Z</time><extensions><gpxtpx:TrackPointExtension><gpxtpx:hr>151</gpxtpx:hr></gpxtpx:TrackPointExtension></extensions></trkpt>
    <trkpt lat="47.608808" lon="-122.329033"><ele>44.4</ele><time>2026-01-01T08:02:12Z</time><extensions><gpxtpx:TrackPointExtension><gpxtpx:hr>152</gpxtpx:hr></gpxtpx:TrackPointExtension></extensions></trkpt>
    <trkpt lat="47.608847" lon="-122.328943"><ele>44.3</ele><time>2026-01-01T08:02:15Z</time><extensions><gpxtpx:TrackPointExtension><gpxtpx:hr>152</gpxtpx:hr></gpxtpx:TrackPointExtension></extensions></trkpt>
    <trkpt lat="47.608886" lon="-122.32885"><ele>44.6</ele><time>2026-01-01T08:02:18Z</time><extensions><gpxtpx:TrackPointExtension><gpxtpx:hr>153</gpxtpx:hr></gpxtpx:TrackPointExtension></extensions></trkpt>
    <trkpt lat="47.608926" lon="-122.328749"><ele>44.2</ele><time>2026-01-01T08:02:21Z</time><extensions><gpxtpx:TrackPointExtension><gpxtpx:hr>155</gpxtpx:hr></gpxtpx:TrackPointExtension></extensions></trkpt>
    <trkpt lat="47.608962" lon="-122.328657"><ele>44.1</ele><time>2026-01-01T08:02:24Z</time><extensions><gpxtpx:TrackPointExtension><gpxtpx:hr>152</gpxtpx:hr></gpxtpx:TrackPointExtension></extensions></trkpt>
    <trkpt lat="47.609" lon="-122.328556"><ele>44.3</ele><time>2026-01-01T08:02:27Z</time><extensions><gpxtpx:TrackPointExtension><gpxtpx:hr>151</gpxtpx:hr></gpxtpx:TrackPointExtension></extensions></trkpt>
    <trkpt lat="47.609037" lon="-122.328454"><ele>44.4</ele><time>2026-01-01T08:02:30Z</time><extensions><gpxtpx:TrackPointExtension><gpxtpx:hr>158</gpxtpx:hr></gpxtpx:TrackPointExtension></extensions></trkpt>
    <trkpt lat="47.609069" lon="-122.328361"><ele>45.0</ele><time>2026-01-01T08:02:33Z</time><extensions><gpxtpx:TrackPointExtension><gpxtpx:hr>152</gpxtpx:hr></gpxtpx:TrackPointExtension></extensions></trkpt>
    <trkpt lat="47.609101" lon="-122.328266"><ele>44.8</ele><time>2026-01-01T08:02:36Z</time><extensions><gpxtpx:TrackPointExtension><gpxtpx:hr>158</gpxtpx:hr></gpxtpx:TrackPointExtension></extensions></trkpt>
    <trkpt lat="47.609132" lon="-122.328171"><ele>45.2</ele><time>2026-01-01T08:02:39Z</time><extensions><gpxtpx:TrackPointExtension><gpxtpx:hr>155</gpxtpx:hr></gpxtpx:TrackPointExtension></extensions></trkpt>
    <trkpt lat="47.609164" lon="-122.328068"><ele>45.1</ele><time>2026-01-01T08:02:42Z</time><extensions><gpxtpx:TrackPointExtension><gpxtpx:hr>152</gpxtpx:hr></gpxtpx:TrackPointExtension></extensions></trkpt>
    <trkpt lat="47.609195" lon="-122.327966"><ele>45.0</ele><time>2026-01-01T08:02:45Z</time><extensions><gpxtpx:TrackPointExtension><gpxtpx:hr>157</gpxtpx:hr></gpxtpx:TrackPointExtension></extensions></trkpt>
    <trkpt lat="47.609226" lon="-122.327858"><ele>45.1</ele><time>2026-01-01T08:02:48Z</time><extensions><gpxtpx:TrackPointExtension><gpxtpx:hr>156</gpxtpx:hr></gpxtpx:TrackPointExtension></extensions></trkpt>
    <trkpt lat="47.609254" lon="-122.327757"><ele>44.9</ele><time>2026-01-01T08:02:51Z</time><extensions><gpxtpx:TrackPointExtension><gpxtpx:hr>152</gpxtpx:hr></gpxtpx:TrackPointExtension></extensions></trkpt>
    <trkpt lat="47.609283" lon="-122.327648"><ele>45.3</ele><time>2026-01-01T08:02:54Z</time><extensions><gpxtpx:TrackPointExtension><gpxtpx:hr>152</gpxtpx:hr></gpxtpx:TrackPointExtension></extensions></trkpt>
    <trkpt lat="47.609312" lon="-122.327536"><ele>45.2</ele><time>2026-01-01T08:02:57Z</time><extensions><gpxtpx:TrackPointExtension><gpxtpx:hr>159</gpxtpx:hr></gpxtpx:TrackPointExtension></extensions></trkpt>
    <trkpt lat="47.609336" lon="-122.327437"><ele>45.7</ele><time>2026-01-01T08:03:00Z</time><extensions><gpxtpx:TrackPointExtension><gpxtpx:hr>158</gpxtpx:hr></gpxtpx:TrackPointExtension></extensions></trkpt>
    <trkpt lat="47.609361" lon="-122.32733"><ele>45.3</ele><time>2026-01-01T08:03:03Z</time><extensions><gpxtpx:TrackPointExtension><gpxtpx:hr>154</gpxtpx:hr></gpxtpx:TrackPointExtension></extensions></trkpt>
    <trkpt lat="47.609386" lon="-122.327218"><ele>46.1</ele><time>2026-01-01T08:03:06Z</time><extensions><gpxtpx:TrackPointExtension><gpxtpx:hr>154</gpxtpx:hr></gpxtpx:TrackPointExtension></extensions></trkpt>
    <trkpt lat="47.60941" lon="-122.327106"><ele>45.8</ele><time>2026-01-01T08:03:09Z</time><extensions><gpxtpx:TrackPointExtension><gpxtpx:hr>157</gpxtpx:hr></gpxtpx:TrackPointExtension></extensions></trkpt>
    <trkpt lat="47.609433" lon="-122.326993"><ele>45.9</ele><time>2026-01-01T08:03:12Z</time><extensions><gpxtpx:TrackPointExtension><gpxtpx:hr>159</gpxtpx:hr></gpxtpx:TrackPointExtension></extensions></trkpt>
    <trkpt lat="47.609453" lon="-122.326885"><ele>46.0</ele><time>2026-01-01T08:03:15Z</time><extensions><gpxtpx:TrackPointExtension><gpxtpx:hr>154</gpxtpx:hr></gpxtpx:TrackPointExtension></extensions></trkpt>
    <trkpt lat="47.609473" lon="-122.326775"><ele>46.1</ele><time>2026-01-01T08:03:18Z</time><extensions><gpxtpx:TrackPointExtension><gpxtpx:hr>154</gpxtpx:hr></gpxtpx:TrackPointExtension></extensions></trkpt>
    <trkpt lat="47.609493" lon="-122.32666"><ele>46.1</ele><time>2026-01-01T08:03:21Z</time><extensions><gpxtpx:TrackPointExtension><gpxtpx:hr>159</gpxtpx:hr></gpxtpx:TrackPointExtension></extensions></trkpt>
    <trkpt lat="47.609511" lon="-122.326547"><ele>46.4</ele><time>2026-01-01T08:03:24Z</time><extensions><gpxtpx:TrackPointExtension><gpxtpx:hr>155</gpxtpx:hr></gpxtpx:TrackPointExtension></extensions></trkpt>
    <trkpt lat="47.609527" lon="-122.32644"><ele>46.5</ele><time>2026-01-01T08:03:27Z</time><extensions><gpxtpx:TrackPointExtension><gpxtpx:hr>154</gpxtpx:hr></gpxtpx:TrackPointExtension></extensions></trkpt>
    <trkpt lat="47.609541" lon="-122.326338"><ele>46.5</ele><time>2026-01-01T08:03:30Z</time><extensions><gpxtpx:TrackPointExtension><gpxtpx:hr>155</gpxtpx:hr></gpxtpx:TrackPointExtension></extensions></trkpt>
    <trkpt lat="47.609555" lon="-122.326232"><ele>46.7</ele><time>2026-01-01T08:03:33Z</time><extensions><gpxtpx:TrackPointExtension><gpxtpx:hr>156</gpxtpx:hr></gpxtpx:TrackPointExtension></extensions></trkpt>
    <trkpt lat="47.609568" lon="-122.326124"><ele>46.7</ele><time>2026-01-01T08:03:36Z</time><extensions><gpxtpx:TrackPointExtension><gpxtpx:hr>157</gpxtpx:hr></gpxtpx:TrackPointExtension></extensions></trkpt>
    <trkpt lat="47.609579" lon="-122.326021"><ele>46.7</ele><time>2026-01-01T08:03:39Z</time><extensions><gpxtpx:TrackPointExtension><gpxtpx:hr>154</gpxtpx:hr></gpxtpx:TrackPointExtension></extensions></trkpt>
    <trkpt lat="47.60959" lon="-122.325906"><ele>47.0</ele><time>2026-01-01T08:03:42Z</time><extensions><gpxtpx:TrackPointExtension><gpxtpx:hr>154</gpxtpx:hr></gpxtpx:TrackPointExtension></extensions></trkpt>
    <trkpt lat="47.609601" lon="-122.325792"><ele>46.8</ele><time>2026-01-01T08:03:45Z</time><extensions><gpxtpx:TrackPointExtension><gpxtpx:hr>158</gpxtpx:hr></gpxtpx:TrackPointExtension></extensions></trkpt>
    <trkpt lat="47.60961" lon="-122.325676"><ele>46.8</ele><time>2026-01-01T08:03:48Z</time><extensions><gpxtpx:TrackPointExtension><gpxtpx:hr>160</gpxtpx:hr></gpxtpx:TrackPointExtension></extensions></trkpt>
    <trkpt lat="47.609617" lon="-122.325568"><ele>47.3</ele><time>2026-01-01T08:03:51Z</time><extensions><gpxtpx:TrackPointExtension><gpxtpx:hr>160</gpxtpx:hr></gpxtpx:TrackPointExtension></extensions></trkpt>
    <trkpt lat="47.609624" lon="-122.32546"><ele>47.4</ele><time>2026-01-01T08:03:54Z</time><extensions><gpxtpx:TrackPointExtension><gpxtpx:hr>157</gpxtpx:hr></gpxtpx:TrackPointExtension></extensions></trkpt>
    <trkpt lat="47.609629" lon="-122.325353"><ele>47.3</ele><time>2026-01-01T08:03:57Z</time><extensions><gpxtpx:TrackPointExtension><gpxtpx:hr>157</gpxtpx:hr></gpxtpx:TrackPointExtension></extensions></trkpt>
    <trkpt lat="47.609634" lon="-122.325238"><ele>47.0</ele><time>2026-01-01T08:04:00Z</time><extensions><gpxtpx:TrackPointExtension><gpxtpx:hr>155</gpxtpx:hr></gpxtpx:TrackPointExtension></extensions></trkpt>
    <trkpt lat="47.609638" lon="-122.325122"><ele>47.5</ele><time>2026-01-01T08:04:03Z</time><extensions><gpxtpx:TrackPointExtension><gpxtpx:hr>156</gpxtpx:hr></gpxtpx:TrackPointExtension></extensions></trkpt>
    <trkpt lat="47.60964" lon="-122.325013"><ele>47.3</ele><time>2026-01-01T08:04:06Z</time><extensions><gpxtpx:TrackPointExtension><gpxtpx:hr>158</gpxtpx:hr></gpxtpx:TrackPointExtension></extensions></trkpt>
    <trkpt lat="47.609641" lon="-122.324907"><ele>47.7</ele><time>2026-01-01T08:04:09Z</time><extensions><gpxtpx:TrackPointExtension><gpxtpx:hr>155</gpxtpx:hr></gpxtpx:TrackPointExtension></extensions></trkpt>
    <trkpt lat="47.609641" lon="-122.324799"><ele>47.9</ele><time>2026-01-01T08:04:12Z</time><extensions><gpxtpx:TrackPointExtension><gpxtpx:hr>156</gpxtpx:hr></gpxtpx:TrackPointExtension></extensions></trkpt>
    <trkpt lat="47.609641" lon="-122.324684"><ele>47.5</ele><time>2026-01-01T08:04:15Z</time><extensions><gpxtpx:TrackPointExtension><gpxtpx:hr>161</gpxtpx:hr></gpxtpx:TrackPointExtension></extensions></trkpt>
    <trkpt lat="47.609639" lon="-122.324568"><ele>48.0</ele><time>2026-01-01T08:04:18Z</time><extensions><gpxtpx:TrackPointExtension><gpxtpx:hr>159</gpxtpx:hr></gpxtpx:TrackPointExtension></extensions></trkpt>
    <trkpt lat="47.609636" lon="-122.324459"><ele>47.6</ele><time>2026-01-01T08:04:21Z</time><extensions><gpxtpx:TrackPointExtension><gpxtpx:hr>159</gpxtpx:hr></gpxtpx:TrackPointExtension></extensions></trkpt>
    <trkpt lat="47.609632" lon="-122.324352"><ele>48.1</ele><time>2026-01-01T08:04:24Z</time><extensions><gpxtpx:TrackPointExtension><gpxtpx:hr>161</gpxtpx:hr></gpxtpx:TrackPointExtension></extensions></trkpt>
    <trkpt lat="47.609627" lon="-122.324248"><ele>47.9</ele><time>2026-01-01T08:04:27Z</time><extensions><gpxtpx:TrackPointExtension><gpxtpx:hr>159</gpxtpx:hr></gpxtpx:TrackPointExtension></extensions></trkpt>
    <trkpt lat="47.609621" lon="-122.324142"><ele>48.4</ele><time>2026-01-01T08:04:30Z</time><extensions><gpxtpx:TrackPointExtension><gpxtpx:hr>160</gpxtpx:hr></gpxtpx:TrackPointExtension></extensions></trkpt>
    <trkpt lat="47.609614" lon="-122.324033"><ele>48.1</ele><time>2026-01-01T08:04:33Z</time><extensions><gpxtpx:TrackPointExtension><gpxtpx:hr>156</gpxtpx:hr></gpxtpx:TrackPointExtension></extensions></trkpt>
    <trkpt lat="47.609605" lon="-122.323916"><ele>48.0</ele><time>2026-01-01T08:04:36Z</time><extensions><gpxtpx:TrackPointExtension><gpxtpx:hr>156</gpxtpx:hr></gpxtpx:TrackPointExtension></extensions></trkpt>
    <trkpt lat="47.609595" lon="-122.323798"><ele>48.7</ele><time>2026-01-01T08:04:39Z</time><extensions><gpxtpx:TrackPointExtension><gpxtpx:hr>157</gpxtpx:hr></gpxtpx:TrackPointExtension></extensions></trkpt>
    <trkpt lat="47.609585" lon="-122.323684"><ele>48.6</ele><time>2026-01-01T08:04:42Z</time><extensions><gpxtpx:TrackPointExtension><gpxtpx:hr>160</gpxtpx:hr></gpxtpx:TrackPointExtension></extensions></trkpt>
    <trkpt lat="47.609573" lon="-122.323576"><ele>48.5</ele><time>2026-01-01T08:04:45Z</time><extensions><gpxtpx:TrackPointExtension><gpxtpx:hr>162</gpxtpx:hr></gpxtpx:TrackPointExtension></extensions></trkpt>
    <trkpt lat="47.609562" lon="-122.323472"><ele>48.9</ele><time>2026-01-01T08:04:48Z</time><extensions><gpxtpx:TrackPointExtension><gpxtpx:hr>160</gpxtpx:hr></gpxtpx:TrackPointExtension></extensions></trkpt>
    <trkpt lat="47.609549" lon="-122.323367"><ele>48.6</ele><time>2026-01-01T08:04:51Z</time><extensions><gpxtpx:TrackPointExtension><gpxtpx:hr>156</gpxtpx:hr></gpxtpx:TrackPointExtension></extensions></trkpt>
    <trkpt lat="47.609534" lon="-122.323254"><ele>48.6</ele><time>2026-01-01T08:04:54Z</time><extensions><gpxtpx:TrackPointExtension><gpxtpx:hr>157</gpxtpx:hr></gpxtpx:TrackPointExtension></extensions></trkpt>
    <trkpt lat="47.609519" lon="-122.32315"><ele>49.2</ele><time>2026-01-01T08:04:57Z</time><extensions><gpxtpx:TrackPointExtension><gpxtpx:hr>158</gpxtpx:hr></gpxtpx:TrackPointExtension></extensions></trkpt>
    <trkpt lat="47.609501" lon="-122.323033"><ele>49.1</ele><time>2026-01-01T08:05:00Z</time><extensions><gpxtpx:TrackPointExtension><gpxtpx:hr>161</gpxtpx:hr></gpxtpx:TrackPointExtension></extensions></trkpt>
    <trkpt lat="47.609484" lon="-122.322932"><ele>49.2</ele><time>2026-01-01T08:05:03Z</time><extensions><gpxtpx:TrackPointExtension><gpxtpx:hr>162</gpxtpx:hr></gpxtpx:TrackPointExtension></extensions></trkpt>
    <trkpt lat="47.609465" lon="-122.322822"><ele>49.3</ele><time>2026-01-01T08:05:06Z</time><extensions><gpxtpx:TrackPointExtension><gpxtpx:hr>161</gpxtpx:hr></gpxtpx:TrackPointExtension></extensions></trkpt>
    <trkpt lat="47.609446" lon="-122.322718"><ele>49.0</ele><time>2026-01-01T08:05:09Z</time><extensions><gpxtpx:TrackPointExtension><gpxtpx:hr>162</gpxtpx:hr></gpxtpx:TrackPointExtension></extensions></trkpt>
    <trkpt lat="47.609425" lon="-122.322611"><ele>49.4</ele><time>2026-01-01T08:05:12Z</time><extensions><gpxtpx:TrackPointExtension><gpxtpx:hr>163</gpxtpx:hr></gpxtpx:TrackPointExtension></extensions></trkpt>
    <trkpt lat="47.609402" lon="-122.322499"><ele>49.1</ele><time>2026-01-01T08:05:15Z</time><extensions><gpxtpx:TrackPointExtension><gpxtpx:hr>158</gpxtpx:hr></gpxtpx:TrackPointExtension></extensions></trkpt>
    <trkpt lat="47.609379" lon="-122.32239"><ele>49.7</ele><time>2026-01-01T08:05:18Z</time><extensions><gpxtpx:TrackPointExtension><gpxtpx:hr>160</gpxtpx:hr></gpxtpx:TrackPointExtension></extensions></trkpt>
    <trkpt lat="47.609354" lon="-122.322278"><ele>49.5</ele><time>2026-01-01T08:05:21Z</time><extensions><gpxtpx:TrackPointExtension><gpxtpx:hr>157</gpxtpx:hr></gpxtpx:TrackPointExtension></extensions></trkpt>
    <trkpt lat="47.609328" lon="-122.322167"><ele>49.3</ele><time>2026-01-01T08:05:24Z</time><extensions><gpxtpx:TrackPointExtension><gpxtpx:hr>162</gpxtpx:hr></gpxtpx:TrackPointExtension></extensions></trkpt>
    <trkpt lat="47.609302" lon="-122.322066"><ele>49.7</ele><time>2026-01-01T08:05:27Z</time><extensions><gpxtpx:TrackPointExtension><gpxtpx:hr>163</gpxtpx:hr></gpxtpx:TrackPointExtension></extensions></trkpt>
    <trkpt lat="47.609276" lon="-122.321961"><ele>50.0</ele><time>2026-01-01T08:05:30Z</time><extensions><gpxtpx:TrackPointExtension><gpxtpx:hr>160</gpxtpx:hr></gpxtpx:TrackPointExtension></extensions></trkpt>
    <trkpt lat="47.609246" lon="-122.32185"><ele>49.8</ele><time>2026-01-01T08:05:33Z</time><extensions><gpxtpx:TrackPointExtension><gpxtpx:hr>163</gpxtpx:hr></gpxtpx:TrackPointExtension></extensions></trkpt>
    <trkpt lat="47.609217" lon="-122.321748"><ele>49.7</ele><time>2026-01-01T08:05:36Z</time><extensions><gpxtpx:TrackPointExtension><gpxtpx:hr>160</gpxtpx:hr></gpxtpx:TrackPointExtension></extensions></trkpt>
    <trkpt lat="47.609186" lon="-122.32164"><ele>49.7</ele><time>2026-01-01T08:05:39Z</time><extensions><gpxtpx:TrackPointExtension><gpxtpx:hr>163</gpxtpx:hr></gpxtpx:TrackPointExtension></extensions></trkpt>
    <trkpt lat="47.609155" lon="-122.321538"><ele>50.3</ele><time>2026-01-01T08:05:42Z</time><extensions><gpxtpx:TrackPointExtension><gpxtpx:hr>163</gpxtpx:hr></gpxtpx:TrackPointExtension></extensions></trkpt>
    <trkpt lat="47.609121" lon="-122.321429"><ele>50.1</ele><time>2026-01-01T08:05:45Z</time><extensions><gpxtpx:TrackPointExtension><gpxtpx:hr>158</gpxtpx:hr></gpxtpx:TrackPointExtension></extensions></trkpt>
    <trkpt lat="47.609087" lon="-122.321323"><ele>50.0</ele><time>2026-01-01T08:05:48Z</time><extensions><gpxtpx:TrackPointExtension><gpxtpx:hr>164</gpxtpx:hr></gpxtpx:TrackPointExtension></extensions></trkpt>
    <trkpt lat="47.609055" lon="-122.321229"><ele>50.1</ele><time>2026-01-01T08:05:51Z</time><extensions><gpxtpx:TrackPointExtension><gpxtpx:hr>163</gpxtpx:hr></gpxtpx:TrackPointExtension></extensions></trkpt>
    <trkpt lat="47.609018" lon="-122.321123"><ele>50.8</ele><time>2026-01-01T08:05:54Z</time><extensions><gpxtpx:TrackPointExtension><gpxtpx:hr>163</gpxtpx:hr></gpxtpx:TrackPointExtension></extensions></trkpt>
    <trkpt lat="47.608983" lon="-122.321024"><ele>50.3</ele><time>2026-01-01T08:05:57Z</time><extensions><gpxtpx:TrackPointExtension><gpxtpx:hr>163</gpxtpx:hr></gpxtpx:TrackPointExtension></extensions></trkpt>
    <trkpt lat="47.608945" lon="-122.320922"><ele>50.6</ele><time>2026-01-01T08:06:00Z</time><extensions><gpxtpx:TrackPointExtension><gpxtpx:hr>163</gpxtpx:hr></gpxtpx:TrackPointExtension></extensions></trkpt>
    <trkpt lat="47.608908" lon="-122.320826"><ele>50.3</ele><time>2026-01-01T08:06:03Z</time><extensions><gpxtpx:TrackPointExtension><gpxtpx:hr>163</gpxtpx:hr></gpxtpx:TrackPointExtension></extensions></trkpt>
    <trkpt lat="47.60887" lon="-122.320732"><ele>51.0</ele><time>2026-01-01T08:06:06Z</time><extensions><gpxtpx:TrackPointExtension><gpxtpx:hr>164</gpxtpx:hr></gpxtpx:TrackPointExtension></extensions></trkpt>
    <trkpt lat="47.608829" lon="-122.320631"><ele>51.1</ele><time>2026-01-01T08:06:09Z</time><extensions><gpxtpx:TrackPointExtension><gpxtpx:hr>159</gpxtpx:hr></gpxtpx:TrackPointExtension></extensions></trkpt>
    <trkpt lat="47.60879" lon="-122.320539"><ele>50.7</ele><time>2026-01-01T08:06:12Z</time><extensions><gpxtpx:TrackPointExtension><gpxtpx:hr>162</gpxtpx:hr></gpxtpx:TrackPointExtension></extensions></trkpt>
    <trkpt lat="47.608746" lon="-122.320438"><ele>51.0</ele><time>2026-01-01T08:06:15Z</time><extensions><gpxtpx:TrackPointExtension><gpxtpx:hr>163</gpxtpx:hr></gpxtpx:TrackPointExtension></extensions></trkpt>
    <trkpt lat="47.608704" lon="-122.320344"><ele>51.2</ele><time>2026-01-01T08:06:18Z</time><extensions><gpxtpx:TrackPointExtension><gpxtpx:hr>163</gpxtpx:hr></gpxtpx:TrackPointExtension></extensions></trkpt>
    <trkpt lat="47.608663" lon="-122.320256"><ele>51.0</ele><time>2026-01-01T08:06:21Z</time><extensions><gpxtpx:TrackPointExtension><gpxtpx:hr>163</gpxtpx:hr></gpxtpx:TrackPointExtension></extensions></trkpt>
    <trkpt lat="47.608618" lon="-122.32016"><ele>51.4</ele><time>2026-01-01T08:06:24Z</time><extensions><gpxtpx:TrackPointExtension><gpxtpx:hr>161</gpxtpx:hr></gpxtpx:TrackPointExtension></extensions></trkpt>
    <trkpt lat="47.608576" lon="-122.320076"><ele>51.2</ele><time>2026-01-01T08:06:27Z</time><extensions><gpxtpx:TrackPointExtension><gpxtpx:hr>160</gpxtpx:hr></gpxtpx:TrackPointExtension></extensions></trkpt>
    <trkpt lat="47.608534" lon="-122.319991"><ele>51.7</ele><time>2026-01-01T08:06:30Z</time><extensions><gpxtpx:TrackPointExtension><gpxtpx:hr>164</gpxtpx:hr></gpxtpx:TrackPointExtension></extensions></trkpt>
    <trkpt lat="47.608487" lon="-122.319902"><ele>51.3</ele><time>2026-01-01T08:06:33Z</time><extensions><gpxtpx:TrackPointExtension><gpxtpx:hr>158</gpxtpx:hr></gpxtpx:TrackPointExtension></extensions></trkpt>
    <trkpt lat="47.608442" lon="-122.319816"><ele>51.5</ele><time>2026-01-01T08:06:36Z</time><extensions><gpxtpx:TrackPointExtension><gpxtpx:hr>161</gpxtpx:hr></gpxtpx:TrackPointExtension></extensions></trkpt>
    <trkpt lat="47.608394" lon="-122.31973"><ele>51.7</ele><time>2026-01-01T08:06:39Z</time><extensions><gpxtpx:TrackPointExtension><gpxtpx:hr>161</gpxtpx:hr></gpxtpx:TrackPointExtension></extensions></trkpt>
    <trkpt lat="47.608348" lon="-122.319649"><ele>51.3</ele><time>2026-01-01T08:06:42Z</time><extensions><gpxtpx:TrackPointExtension><gpxtpx:hr>159</gpxtpx:hr></gpxtpx:TrackPointExtension></extensions></trkpt>
    <trkpt lat="47.608299" lon="-122.319564"><ele>51.4</ele><time>2026-01-01T08:06:45Z</time><extensions><gpxtpx:TrackPointExtension><gpxtpx:hr>161</gpxtpx:hr></gpxtpx:TrackPointExtension></extensions></trkpt>
    <trkpt lat="47.608249" lon="-122.31948"><ele>51.6</ele><time>2026-01-01T08:06:48Z</time><extensions><gpxtpx:TrackPointExtension><gpxtpx:hr>162</gpxtpx:hr></gpxtpx:TrackPointExtension></extensions></trkpt>
    <trkpt lat="47.608198" lon="-122.319398"><ele>51.7</ele><time>2026-01-01T08:06:51Z</time><extensions><gpxtpx:TrackPointExtension><gpxtpx:hr>160</gpxtpx:hr></gpxtpx:TrackPointExtension></extensions></trkpt>
    <trkpt lat="47.608147" lon="-122.319316"><ele>52.1</ele><time>2026-01-01T08:06:54Z</time><extensions><gpxtpx:TrackPointExtension><gpxtpx:hr>163</gpxtpx:hr></gpxtpx:TrackPointExtension></extensions></trkpt>
    <trkpt lat="47.608096" lon="-122.319238"><ele>52.2</ele><time>2026-01-01T08:06:57Z</time><extensions><gpxtpx:TrackPointExtension><gpxtpx:hr>161</gpxtpx:hr></gpxtpx:TrackPointExtension></extensions></trkpt>
    <trkpt lat="47.608046" lon="-122.319162"><ele>51.8</ele><time>2026-01-01T08:07:00Z</time><extensions><gpxtpx:TrackPointExtension><gpxtpx:hr>160</gpxtpx:hr></gpxtpx:TrackPointExtension></extensions></trkpt>
    <trkpt lat="47.607993" lon="-122.319085"><ele>52.4</ele><time>2026-01-01T08:07:03Z</time><extensions><gpxtpx:TrackPointExtension><gpxtpx:hr>164</gpxtpx:hr></gpxtpx:TrackPointExtension></extensions></trkpt>
    <trkpt lat="47.607937" lon="-122.319005"><ele>52.4</ele><time>2026-01-01T08:07:06Z</time><extensions><gpxtpx:TrackPointExtension><gpxtpx:hr>164</gpxtpx:hr></gpxtpx:TrackPointExtension></extensions></trkpt>
    <trkpt lat="47.607883" lon="-122.318931"><ele>52.3</ele><time>2026-01-01T08:07:09Z</time><extensions><gpxtpx:TrackPointExtension><gpxtpx:hr>159</gpxtpx:hr></gpxtpx:TrackPointExtension></extensions></trkpt>
    <trkpt lat="47.60783" lon="-122.31886"><ele>52.2</ele><time>2026-01-01T08:07:12Z</time><extensions><gpxtpx:TrackPointExtension><gpxtpx:hr>160</gpxtpx:hr></gpxtpx:TrackPointExtension></extensions></trkpt>
    <trkpt lat="47.607773" lon="-122.318785"><ele>52.1</ele><time>2026-01-01T08:07:15Z</time><extensions><gpxtpx:TrackPointExtension><gpxtpx:hr>159</gpxtpx:hr></gpxtpx:TrackPointExtension></extensions></trkpt>
    <trkpt lat="47.607714" lon="-122.31871"><ele>52.4</ele><time>2026-01-01T08:07:18Z</time><extensions><gpxtpx:TrackPointExtension><gpxtpx:hr>160</gpxtpx:hr></gpxtpx:TrackPointExtension></extensions></trkpt>
    <trkpt lat="47.607657" lon="-122.318639"><ele>52.2</ele><time>2026-01-01T08:07:21Z</time><extensions><gpxtpx:TrackPointExtension><gpxtpx:hr>163</gpxtpx:hr></gpxtpx:TrackPointExtension></extensions></trkpt>
    <trkpt lat="47.607602" lon="-122.318574"><ele>52.4</ele><time>2026-01-01T08:07:24Z</time><extensions><gpxtpx:TrackPointExtension><gpxtpx:hr>160</gpxtpx:hr></gpxtpx:TrackPointExtension></extensions></trkpt>
    <trkpt lat="47.60754" lon="-122.318501"><ele>52.4</ele><time>2026-01-01T08:07:27Z</time><extensions><gpxtpx:TrackPointExtension><gpxtpx:hr>164</gpxtpx:hr></gpxtpx:TrackPointExtension></extensions></trkpt>
    <trkpt lat="47.607481" lon="-122.318433"><ele>52.5</ele><time>2026-01-01T08:07:30Z</time><extensions><gpxtpx:TrackPointExtension><gpxtpx:hr>161</gpxtpx:hr></gpxtpx:TrackPointExtension></extensions></trkpt>
    <trkpt lat="47.607424" lon="-122.31837"><ele>52.9</ele><time>2026-01-01T08:07:33Z</time><extensions><gpxtpx:TrackPointExtension><gpxtpx:hr>162</gpxtpx:hr></gpxtpx:TrackPointExtension></extensions></trkpt>
    <trkpt lat="47.607361" lon="-122.318302"><ele>53.1</ele><time>2026-01-01T08:07:36Z</time><extensions><gpxtpx:TrackPointExtension><gpxtpx:hr>161</gpxtpx:hr></gpxtpx:TrackPointExtension></extensions></trkpt>
    <trkpt lat="47.607299" lon="-122.318237"><ele>52.9</ele><time>2026-01-01T08:07:39Z</time><extensions><gpxtpx:TrackPointExtension><gpxtpx:hr>159</gpxtpx:hr></gpxtpx:TrackPointExtension></extensions></trkpt>
    <trkpt lat="47.607233" lon="-122.31817"><ele>53.2</ele><time>2026-01-01T08:07:42Z</time><extensions><gpxtpx:TrackPointExtension><gpxtpx:hr>161</gpxtpx:hr></gpxtpx:TrackPointExtension></extensions></trkpt>
    <trkpt lat="47.60717" lon="-122.318108"><ele>53.4</ele><time>2026-01-01T08:07:45Z</time><extensions><gpxtpx:TrackPointExtension><gpxtpx:hr>158</gpxtpx:hr></gpxtpx:TrackPointExtension></extensions></trkpt>
    <trkpt lat="47.607109" lon="-122.318049"><ele>53.5</ele><time>2026-01-01T08:07:48Z</time><extensions><gpxtpx:TrackPointExtension><gpxtpx:hr>164</gpxtpx:hr></gpxtpx:TrackPointExtension></extensions></trkpt>
    <trkpt lat="47.607042" lon="-122.317987"><ele>53.3</ele><time>2026-01-01T08:07:51Z</time><extensions><gpxtpx:TrackPointExtension><gpxtpx:hr>163</gpxtpx:hr></gpxtpx:TrackPointExtension></extensions></trkpt>
    <trkpt lat="47.606979" lon="-122.31793"><ele>53.6</ele><time>2026-01-01T08:07:54Z</time><extensions><gpxtpx:TrackPointExtension><gpxtpx:hr>161</gpxtpx:hr></gpxtpx:TrackPointExtension></extensions></trkpt>
    <trkpt lat="47.606915" lon="-122.317874"><ele>53.7</ele><time>2026-01-01T08:07:57Z</time><extensions><gpxtpx:TrackPointExtension><gpxtpx:hr>163</gpxtpx:hr></gpxtpx:TrackPointExtension></extensions></trkpt>
    <trkpt lat="47.606852" lon="-122.31782"><ele>53.6</ele><time>2026-01-01T08:08:00Z</time><extensions><gpxtpx:TrackPointExtension><gpxtpx:hr>158</gpxtpx:hr></gpxtpx:TrackPointExtension></extensions></trkpt>
    <trkpt lat="47.606785" lon="-122.317765"><ele>53.4</ele><time>2026-01-01T08:08:03Z</time><extensions><gpxtpx:TrackPointExtension><gpxtpx:hr>161</gpxtpx:hr></gpxtpx:TrackPointExtension></extensions></trkpt>
    <trkpt lat="47.606718" lon="-122.317711"><ele>53.5</ele><time>2026-01-01T08:08:06Z</time><extensions><gpxtpx:TrackPointExtension><gpxtpx:hr>162</gpxtpx:hr></gpxtpx:TrackPointExtension></extensions></trkpt>
    <trkpt lat="47.606649" lon="-122.317658"><ele>53.9</ele><time>2026-01-01T08:08:09Z</time><extensions><gpxtpx:TrackPointExtension><gpxtpx:hr>160</gpxtpx:hr></gpxtpx:TrackPointExtension></extensions></trkpt>
    <trkpt lat="47.60658" lon="-122.317606"><ele>53.7</ele><time>2026-01-01T08:08:12Z</time><extensions><gpxtpx:TrackPointExtension><gpxtpx:hr>162</gpxtpx:hr></gpxtpx:TrackPointExtension></extensions></trkpt>
    <trkpt lat="47.606508" lon="-122.317554"><ele>53.7</ele><time>2026-01-01T08:08:15Z</time><extensions><gpxtpx:TrackPointExtension><gpxtpx:hr>158</gpxtpx:hr></gpxtpx:TrackPointExtension></extensions></trkpt>
    <trkpt lat="47.606438" lon="-122.317505"><ele>53.5</ele><time>2026-01-01T08:08:18Z</time><extensions><gpxtpx:TrackPointExtension><gpxtpx:hr>161</gpxtpx:hr></gpxtpx:TrackPointExtension></extensions></trkpt>
    <trkpt lat="47.606367" lon="-122.317457"><ele>53.9</ele><time>2026-01-01T08:08:21Z</time><extensions><gpxtpx:TrackPointExtension><gpxtpx:hr>164</gpxtpx:hr></gpxtpx:TrackPointExtension></extensions></trkpt>
    <trkpt lat="47.606298" lon="-122.317412"><ele>53.7</ele><time>2026-01-01T08:08:24Z</time><extensions><gpxtpx:TrackPointExtension><gpxtpx:hr>159</gpxtpx:hr></gpxtpx:TrackPointExtension></extensions></trkpt>
    <trkpt lat="47.606228" lon="-122.317368"><ele>53.7</ele><time>2026-01-01T08:08:27Z</time><extensions><gpxtpx:TrackPointExtension><gpxtpx:hr>161</gpxtpx:hr></gpxtpx:TrackPointExtension></extensions></trkpt>
    <trkpt lat="47.606155" lon="-122.317324"><ele>54.3</ele><time>2026-01-01T08:08:30Z</time><extensions><gpxtpx:TrackPointExtension><gpxtpx:hr>158</gpxtpx:hr></gpxtpx:TrackPointExtension></extensions></trkpt>
    <trkpt lat="47.606083" lon="-122.317282"><ele>53.7</ele><time>2026-01-01T08:08:33Z</time><extensions><gpxtpx:TrackPointExtension><gpxtpx:hr>162</gpxtpx:hr></gpxtpx:TrackPointExtension></extensions></trkpt>
    <trkpt lat="47.606008" lon="-122.31724"><ele>53.7</ele><time>2026-01-01T08:08:36Z</time><extensions><gpxtpx:TrackPointExtension><gpxtpx:hr>162</gpxtpx:hr></gpxtpx:TrackPointExtension></extensions></trkpt>
    <trkpt lat="47.605934" lon="-122.3172"><ele>54.0</ele><time>2026-01-01T08:08:39Z</time><extensions><gpxtpx:TrackPointExtension><gpxtpx:hr>161</gpxtpx:hr></gpxtpx:TrackPointExtension></extensions></trkpt>
    <trkpt lat="47.605865" lon="-122.317164"><ele>54.5</ele><time>2026-01-01T08:08:42Z</time><extensions><gpxtpx:TrackPointExtension><gpxtpx:hr>160</gpxtpx:hr></gpxtpx:TrackPointExtension></extensions></trkpt>
    <trkpt lat="47.605796" lon="-122.31713"><ele>54.2</ele><time>2026-01-01T08:08:45Z</time><extensions><gpxtpx:TrackPointExtension><gpxtpx:hr>160</gpxtpx:hr></gpxtpx:TrackPointExtension></extensions></trkpt>
    <trkpt lat="47.605721" lon="-122.317094"><ele>54.6</ele><time>2026-01-01T08:08:48Z</time><extensions><gpxtpx:TrackPointExtension><gpxtpx:hr>158</gpxtpx:hr></gpxtpx:TrackPointExtension></extensions></trkpt>
    <trkpt lat="47.605646" lon="-122.31706"><ele>54.7</ele><time>2026-01-01T08:08:51Z</time><extensions><gpxtpx:TrackPointExtension><gpxtpx:hr>160</gpxtpx:hr></gpxtpx:TrackPointExtension></extensions></trkpt>
    <trkpt lat="47.605578" lon="-122.317031"><ele>54.6</ele><time>2026-01-01T08:08:54Z</time><extensions><gpxtpx:TrackPointExtension><gpxtpx:hr>163</gpxtpx:hr></gpxtpx:TrackPointExtension></extensions></trkpt>
    <trkpt lat="47.605504" lon="-122.317001"><ele>54.2</ele><time>2026-01-01T08:08:57Z</time><extensions><gpxtpx:TrackPointExtension><gpxtpx:hr>159</gpxtpx:hr></gpxtpx:TrackPointExtension></extensions></trkpt>
    <trkpt lat="47.605433" lon="-122.316973"><ele>54.5</ele><time>2026-01-01T08:09:00Z</time><extensions><gpxtpx:TrackPointExtension><gpxtpx:hr>159</gpxtpx:hr></gpxtpx:TrackPointExtension></extensions></trkpt>
    <trkpt lat="47.605358" lon="-122.316945"><ele>54.6</ele><time>2026-01-01T08:09:03Z</time><extensions><gpxtpx:TrackPointExtension><gpxtpx:hr>161</gpxtpx:hr></gpxtpx:TrackPointExtension></extensions></trkpt>
    <trkpt lat="47.605289" lon="-122.316921"><ele>54.7</ele><time>2026-01-01T08:09:06Z</time><extensions><gpxtpx:TrackPointExtension><gpxtpx:hr>164</gpxtpx:hr></gpxtpx:TrackPointExtension></extensions></trkpt>
    <trkpt lat="47.605214" lon="-122.316897"><ele>54.8</ele><time>2026-01-01T08:09:09Z</time><extensions><gpxtpx:TrackPointExtension><gpxtpx:hr>164</gpxtpx:hr></gpxtpx:TrackPointExtension></extensions></trkpt>
    <trkpt lat="47.605141" lon="-122.316874"><ele>55.2</ele><time>2026-01-01T08:09:12Z</time><extensions><gpxtpx:TrackPointExtension><gpxtpx:hr>159</gpxtpx:hr></gpxtpx:TrackPointExtension></extensions></trkpt>
    <trkpt lat="47.605065" lon="-122.316852"><ele>55.0</ele><time>2026-01-01T08:09:15Z</time><extensions><gpxtpx:TrackPointExtension><gpxtpx:hr>164</gpxtpx:hr></gpxtpx:TrackPointExtension></extensions></trkpt>
    <trkpt lat="47.604995" lon="-122.316833"><ele>55.1</ele><time>2026-01-01T08:09:18Z</time><extensions><gpxtpx:TrackPointExtension><gpxtpx:hr>164</gpxtpx:hr></gpxtpx:TrackPointExtension></extensions></trkpt>
    <trkpt lat="47.604925" lon="-122.316816"><ele>54.7</ele><time>2026-01-01T08:09:21Z</time><extensions><gpxtpx:TrackPointExtension><gpxtpx:hr>161</gpxtpx:hr></gpxtpx:TrackPointExtension></extensions></trkpt>
    <trkpt lat="47.604855" lon="-122.3168"><ele>54.7</ele><time>2026-01-01T08:09:24Z</time><extensions><gpxtpx:TrackPointExtension><gpxtpx:hr>157</gpxtpx:hr></gpxtpx:TrackPointExtension></extensions></trkpt>
    <trkpt lat="47.604784" lon="-122.316785"><ele>54.9</ele><time>2026-01-01T08:09:27Z</time><extensions><gpxtpx:TrackPointExtension><gpxtpx:hr>159</gpxtpx:hr></gpxtpx:TrackPointExtension></extensions></trkpt>
    <trkpt lat="47.604707" lon="-122.31677"><ele>54.9</ele><time>2026-01-01T08:09:30Z</time><extensions><gpxtpx:TrackPointExtension><gpxtpx:hr>160</gpxtpx:hr></gpxtpx:TrackPointExtension></extensions></trkpt>
    <trkpt lat="47.60463" lon="-122.316757"><ele>55.3</ele><time>2026-01-01T08:09:33Z</time><extensions><gpxtpx:TrackPointExtension><gpxtpx:hr>163</gpxtpx:hr></gpxtpx:TrackPointExtension></extensions></trkpt>
    <trkpt lat="47.604558" lon="-122.316746"><ele>55.2</ele><time>2026-01-01T08:09:36Z</time><extensions><gpxtpx:TrackPointExtension><gpxtpx:hr>157</gpxtpx:hr></gpxtpx:TrackPointExtension></extensions></trkpt>
    <trkpt lat="47.604485" lon="-122.316737"><ele>54.9</ele><time>2026-01-01T08:09:39Z</time><extensions><gpxtpx:TrackPointExtension><gpxtpx:hr>161</gpxtpx:hr></gpxtpx:TrackPointExtension></extensions></trkpt>
    <trkpt lat="47.604406" lon="-122.316728"><ele>55.6</ele><time>2026-01-01T08:09:42Z</time><extensions><gpxtpx:TrackPointExtension><gpxtpx:hr>162</gpxtpx:hr></gpxtpx:TrackPointExtension></extensions></trkpt>
    <trkpt lat="47.604329" lon="-122.31672"><ele>55.0</ele><time>2026-01-01T08:09:45Z</time><extensions><gpxtpx:TrackPointExtension><gpxtpx:hr>161</gpxtpx:hr></gpxtpx:TrackPointExtension></extensions></trkpt>
    <trkpt lat="47.604255" lon="-122.316715"><ele>55.4</ele><time>2026-01-01T08:09:48Z</time><extensions><gpxtpx:TrackPointExtension><gpxtpx:hr>162</gpxtpx:hr></gpxtpx:TrackPointExtension></extensions></trkpt>
    <trkpt lat="47.60418" lon="-122.316711"><ele>55.2</ele><time>2026-01-01T08:09:51Z</time><extensions><gpxtpx:TrackPointExtension><gpxtpx:hr>162</gpxtpx:hr></gpxtpx:TrackPointExtension></extensions></trkpt>
    <trkpt lat="47.604106" lon="-122.316708"><ele>55.6</ele><time>2026-01-01T08:09:54Z</time><extensions><gpxtpx:TrackPointExtension><gpxtpx:hr>158</gpxtpx:hr></gpxtpx:TrackPointExtension></extensions></trkpt>
    <trkpt lat="47.604032" lon="-122.316706"><ele>55.8</ele><time>2026-01-01T08:09:57Z</time><extensions><gpxtpx:TrackPointExtension><gpxtpx:hr>159</gpxtpx:hr></gpxtpx:TrackPointExtension></extensions></trkpt>
    <trkpt lat="47.603955" lon="-122.316706"><ele>55.6</ele><time>2026-01-01T08:10:00Z</time><extensions><gpxtpx:TrackPointExtension><gpxtpx:hr>160</gpxtpx:hr></gpxtpx:TrackPointExtension></extensions></trkpt>
    <trkpt lat="47.603884" lon="-122.316708"><ele>55.4</ele><time>2026-01-01T08:10:03Z</time><extensions><gpxtpx:TrackPointExtension><gpxtpx:hr>161</gpxtpx:hr></gpxtpx:TrackPointExtension></extensions></trkpt>
    <trkpt lat="47.60381" lon="-122.316711"><ele>56.1</ele><time>2026-01-01T08:10:06Z</time><extensions><gpxtpx:TrackPointExtension><gpxtpx:hr>161</gpxtpx:hr></gpxtpx:TrackPointExtension></extensions></trkpt>
    <trkpt lat="47.603737" lon="-122.316715"><ele>55.5</ele><time>2026-01-01T08:10:09Z</time><extensions><gpxtpx:TrackPointExtension><gpxtpx:hr>159</gpxtpx:hr></gpxtpx:TrackPointExtension></extensions></trkpt>
    <trkpt lat="47.603662" lon="-122.31672"><ele>55.9</ele><time>2026-01-01T08:10:12Z</time><extensions><gpxtpx:TrackPointExtension><gpxtpx:hr>157</gpxtpx:hr></gpxtpx:TrackPointExtension></extensions></trkpt>
    <trkpt lat="47.603585" lon="-122.316727"><ele>55.5</ele><time>2026-01-01T08:10:15Z</time><extensions><gpxtpx:TrackPointExtension><gpxtpx:hr>161</gpxtpx:hr></gpxtpx:TrackPointExtension></extensions></trkpt>
    <trkpt lat="47.603505" lon="-122.316736"><ele>56.2</ele><time>2026-01-01T08:10:18Z</time><extensions><gpxtpx:TrackPointExtension><gpxtpx:hr>162</gpxtpx:hr></gpxtpx:TrackPointExtension></extensions></trkpt>
    <trkpt lat="47.603434" lon="-122.316746"><ele>55.7</ele><time>2026-01-01T08:10:21Z</time><extensions><gpxtpx:TrackPointExtension><gpxtpx:hr>160</gpxtpx:hr></gpxtpx:TrackPointExtension></extensions></trkpt>
    <trkpt lat="47.603356" lon="-122.316757"><ele>55.8</ele><time>2026-01-01T08:10:24Z</time><extensions><gpxtpx:TrackPointExtension><gpxtpx:hr>160</gpxtpx:hr></gpxtpx:TrackPointExtension></extensions></trkpt>
    <trkpt lat="47.603283" lon="-122.31677"><ele>55.6</ele><time>2026-01-01T08:10:27Z</time><extensions><gpxtpx:TrackPointExtension><gpxtpx:hr>157</gpxtpx:hr></gpxtpx:TrackPointExtension></extensions></trkpt>
    <trkpt lat="47.603207" lon="-122.316784"><ele>55.7</ele><time>2026-01-01T08:10:30Z</time><extensions><gpxtpx:TrackPointExtension><gpxtpx:hr>158</gpxtpx:hr></gpxtpx:TrackPointExtension></extensions></trkpt>
    <trkpt lat="47.603133" lon="-122.316799"><ele>55.9</ele><time>2026-01-01T08:10:33Z</time><extensions><gpxtpx:TrackPointExtension><gpxtpx:hr>157</gpxtpx:hr></gpxtpx:TrackPointExtension></extensions></trkpt>
    <trkpt lat="47.603063" lon="-122.316815"><ele>56.2</ele><time>2026-01-01T08:10:36Z</time><extensions><gpxtpx:TrackPointExtension><gpxtpx:hr>159</gpxtpx:hr></gpxtpx:TrackPointExtension></extensions></trkpt>
    <trkpt lat="47.602993" lon="-122.316832"><ele>56.1</ele><time>2026-01-01T08:10:39Z</time><extensions><gpxtpx:TrackPointExtension><gpxtpx:hr>162</gpxtpx:hr></gpxtpx:TrackPointExtension></extensions></trkpt>
    <trkpt lat="47.602915" lon="-122.316853"><ele>56.0</ele><time>2026-01-01T08:10:42Z</time><extensions><gpxtpx:TrackPointExtension><gpxtpx:hr>161</gpxtpx:hr></gpxtpx:TrackPointExtension></extensions></trkpt>
    <trkpt lat="47.60284" lon="-122.316874"><ele>55.9</ele><time>2026-01-01T08:10:45Z</time><extensions><gpxtpx:TrackPointExtension><gpxtpx:hr>159</gpxtpx:hr></gpxtpx:TrackPointExtension></extensions></trkpt>
    <trkpt lat="47.60277" lon="-122.316895"><ele>56.5</ele><time>2026-01-01T08:10:48Z</time><extensions><gpxtpx:TrackPointExtension><gpxtpx:hr>159</gpxtpx:hr></gpxtpx:TrackPointExtension></extensions></trkpt>
    <trkpt lat="47.602695" lon="-122.316919"><ele>56.7</ele><time>2026-01-01T08:10:51Z</time><extensions><gpxtpx:TrackPointExtension><gpxtpx:hr>156</gpxtpx:hr></gpxtpx:TrackPointExtension></extensions></trkpt>
    <trkpt lat="47.602627" lon="-122.316942"><ele>56.3</ele><time>2026-01-01T08:10:54Z</time><extensions><gpxtpx:TrackPointExtension><gpxtpx:hr>155</gpxtpx:hr></gpxtpx:TrackPointExtension></extensions></trkpt>
    <trkpt lat="47.602548" lon="-122.31697"><ele>56.4</ele><time>2026-01-01T08:10:57Z</time><extensions><gpxtpx:TrackPointExtension><gpxtpx:hr>161</gpxtpx:hr></gpxtpx:TrackPointExtension></extensions></trkpt>
    <trkpt lat="47.602476" lon="-122.316997"><ele>56.2</ele><time>2026-01-01T08:11:00Z</time><extensions><gpxtpx:TrackPointExtension><gpxtpx:hr>157</gpxtpx:hr></gpxtpx:TrackPointExtension></extensions></trkpt>
    <trkpt lat="47.602406" lon="-122.317025"><ele>56.6</ele><time>2026-01-01T08:11:03Z</time><extensions><gpxtpx:TrackPointExtension><gpxtpx:hr>160</gpxtpx:hr></gpxtpx:TrackPointExtension></extensions></trkpt>
    <trkpt lat="47.602335" lon="-122.317054"><ele>56.7</ele><time>2026-01-01T08:11:06Z</time><extensions><gpxtpx:TrackPointExtension><gpxtpx:hr>161</gpxtpx:hr></gpxtpx:TrackPointExtension></extensions></trkpt>
    <trkpt lat="47.602266" lon="-122.317085"><ele>56.7</ele><time>2026-01-01T08:11:09Z</time><extensions><gpxtpx:TrackPointExtension><gpxtpx:hr>158</gpxtpx:hr></gpxtpx:TrackPointExtension></extensions></trkpt>
    <trkpt lat="47.602193" lon="-122.317118"><ele>56.7</ele><time>2026-01-01T08:11:12Z</time><extensions><gpxtpx:TrackPointExtension><gpxtpx:hr>160</gpxtpx:hr></gpxtpx:TrackPointExtension></extensions></trkpt>
    <trkpt lat="47.602118" lon="-122.317154"><ele>56.3</ele><time>2026-01-01T08:11:15Z</time><extensions><gpxtpx:TrackPointExtension><gpxtpx:hr>159</gpxtpx:hr></gpxtpx:TrackPointExtension></extensions></trkpt>
    <trkpt lat="47.602047" lon="-122.317189"><ele>56.9</ele><time>2026-01-01T08:11:18Z</time><extensions><gpxtpx:TrackPointExtension><gpxtpx:hr>156</gpxtpx:hr></gpxtpx:TrackPointExtension></extensions></trkpt>
    <trkpt lat="47.601978" lon="-122.317224"><ele>56.7</ele><time>2026-01-01T08:11:21Z</time><extensions><gpxtpx:TrackPointExtension><gpxtpx:hr>156</gpxtpx:hr></gpxtpx:TrackPointExtension></extensions></trkpt>
    <trkpt lat="47.601912" lon="-122.31726"><ele>56.9</ele><time>2026-01-01T08:11:24Z</time><extensions><gpxtpx:TrackPointExtension><gpxtpx:hr>160</gpxtpx:hr></gpxtpx:TrackPointExtension></extensions></trkpt>
    <trkpt lat="47.601838" lon="-122.317301"><ele>57.0</ele><time>2026-01-01T08:11:27Z</time><extensions><gpxtpx:TrackPointExtension><gpxtpx:hr>160</gpxtpx:hr></gpxtpx:TrackPointExtension></extensions></trkpt>
    <trkpt lat="47.601765" lon="-122.317343"><ele>57.1</ele><time>2026-01-01T08:11:30Z</time><extensions><gpxtpx:TrackPointExtension><gpxtpx:hr>156</gpxtpx:hr></gpxtpx:TrackPointExtension></extensions></trkpt>
    <trkpt lat="47.601699" lon="-122.317383"><ele>57.0</ele><time>2026-01-01T08:11:33Z</time><extensions><gpxtpx:TrackPointExtension><gpxtpx:hr>157</gpxtpx:hr></gpxtpx:TrackPointExtension></extensions></trkpt>
    <trkpt lat="47.601625" lon="-122.317428"><ele>56.6</ele><time>2026-01-01T08:11:36Z</time><extensions><gpxtpx:TrackPointExtension><gpxtpx:hr>160</gpxtpx:hr></gpxtpx:TrackPointExtension></extensions></trkpt>
    <trkpt lat="47.601559" lon="-122.31747"><ele>57.0</ele><time>2026-01-01T08:11:39Z</time><extensions><gpxtpx:TrackPointExtension><gpxtpx:hr>160</gpxtpx:hr></gpxtpx:TrackPointExtension></extensions></trkpt>
    <trkpt lat="47.601486" lon="-122.317518"><ele>56.6</ele><time>2026-01-01T08:11:42Z</time><extensions><gpxtpx:TrackPointExtension><gpxtpx:hr>157</gpxtpx:hr></gpxtpx:TrackPointExtension></extensions></trkpt>
    <trkpt lat="47.601421" lon="-122.317563"><ele>57.2</ele><time>2026-01-01T08:11:45Z</time><extensions><gpxtpx:TrackPointExtension><gpxtpx:hr>156</gpxtpx:hr></gpxtpx:TrackPointExtension></extensions></trkpt>
    <trkpt lat="47.601356" lon="-122.317609"><ele>56.7</ele><time>2026-01-01T08:11:48Z</time><extensions><gpxtpx:TrackPointExtension><gpxtpx:hr>157</gpxtpx:hr></gpxtpx:TrackPointExtension></extensions></trkpt>
    <trkpt lat="47.601287" lon="-122.317659"><ele>56.9</ele><time>2026-01-01T08:11:51Z</time><extensions><gpxtpx:TrackPointExtension><gpxtpx:hr>159</gpxtpx:hr></gpxtpx:TrackPointExtension></extensions></trkpt>
    <trkpt lat="47.601215" lon="-122.317712"><ele>57.3</ele><time>2026-01-01T08:11:54Z</time><extensions><gpxtpx:TrackPointExtension><gpxtpx:hr>158</gpxtpx:hr></gpxtpx:TrackPointExtension></extensions></trkpt>
    <trkpt lat="47.601152" lon="-122.317761"><ele>56.9</ele><time>2026-01-01T08:11:57Z</time><extensions><gpxtpx:TrackPointExtension><gpxtpx:hr>157</gpxtpx:hr></gpxtpx:TrackPointExtension></extensions></trkpt>
    <trkpt lat="47.601084" lon="-122.317814"><ele>57.0</ele><time>2026-01-01T08:12:00Z</time><extensions><gpxtpx:TrackPointExtension><gpxtpx:hr>159</gpxtpx:hr></gpxtpx:TrackPointExtension></extensions></trkpt>
    <trkpt lat="47.601015" lon="-122.317871"><ele>57.4</ele><time>2026-01-01T08:12:03Z</time><extensions><gpxtpx:TrackPointExtension><gpxtpx:hr>159</gpxtpx:hr></gpxtpx:TrackPointExtension></extensions></trkpt>
    <trkpt lat="47.600954" lon="-122.317922"><ele>57.4</ele><time>2026-01-01T08:12:06Z</time><extensions><gpxtpx:TrackPointExtension><gpxtpx:hr>155</gpxtpx:hr></gpxtpx:TrackPointExtension></extensions></trkpt>
    <trkpt lat="47.600885" lon="-122.317981"><ele>56.9</ele><time>2026-01-01T08:12:09Z</time><extensions><gpxtpx:TrackPointExtension><gpxtpx:hr>153</gpxtpx:hr></gpxtpx:TrackPointExtension></extensions></trkpt>
    <trkpt lat="47.600825" lon="-122.318035"><ele>57.0</ele><time>2026-01-01T08:12:12Z</time><extensions><gpxtpx:TrackPointExtension><gpxtpx:hr>156</gpxtpx:hr></gpxtpx:TrackPointExtension></extensions></trkpt>
    <trkpt lat="47.600762" lon="-122.318092"><ele>56.9</ele><time>2026-01-01T08:12:15Z</time><extensions><gpxtpx:TrackPointExtension><gpxtpx:hr>157</gpxtpx:hr></gpxtpx:TrackPointExtension></extensions></trkpt>
    <trkpt lat="47.600701" lon="-122.318148"><ele>57.3</ele><time>2026-01-01T08:12:18Z</time><extensions><gpxtpx:TrackPointExtension><gpxtpx:hr>152</gpxtpx:hr></gpxtpx:TrackPointExtension></extensions></trkpt>
    <trkpt lat="47.600639" lon="-122.318207"><ele>56.9</ele><time>2026-01-01T08:12:21Z</time><extensions><gpxtpx:TrackPointExtension><gpxtpx:hr>156</gpxtpx:hr></gpxtpx:TrackPointExtension></extensions></trkpt>
    <trkpt lat="47.600577" lon="-122.318268"><ele>57.2</ele><time>2026-01-01T08:12:24Z</time><extensions><gpxtpx:TrackPointExtension><gpxtpx:hr>156</gpxtpx:hr></gpxtpx:TrackPointExtension></extensions></trkpt>
    <trkpt lat="47.600515" lon="-122.318331"><ele>57.6</ele><time>2026-01-01T08:12:27Z</time><extensions><gpxtpx:TrackPointExtension><gpxtpx:hr>154</gpxtpx:hr></gpxtpx:TrackPointExtension></extensions></trkpt>
    <trkpt lat="47.600455" lon="-122.318392"><ele>57.2</ele><time>2026-01-01T08:12:30Z</time><extensions><gpxtpx:TrackPointExtension><gpxtpx:hr>158</gpxtpx:hr></gpxtpx:TrackPointExtension></extensions></trkpt>
    <trkpt lat="47.600393" lon="-122.318458"><ele>57.1</ele><time>2026-01-01T08:12:33Z</time><extensions><gpxtpx:TrackPointExtension><gpxtpx:hr>153</gpxtpx:hr></gpxtpx:TrackPointExtension></extensions></trkpt>
    <trkpt lat="47.600334" lon="-122.318522"><ele>57.7</ele><time>2026-01-01T08:12:36Z</time><extensions><gpxtpx:TrackPointExtension><gpxtpx:hr>154</gpxtpx:hr></gpxtpx:TrackPointExtension></extensions></trkpt>
    <trkpt lat="47.600278" lon="-122.318584"><ele>57.6</ele><time>2026-01-01T08:12:39Z</time><extensions><gpxtpx:TrackPointExtension><gpxtpx:hr>154</gpxtpx:hr></gpxtpx:TrackPointExtension></extensions></trkpt>
    <trkpt lat="47.60022" lon="-122.318651"><ele>57.4</ele><time>2026-01-01T08:12:42Z</time><extensions><gpxtpx:TrackPointExtension><gpxtpx:hr>152</gpxtpx:hr></gpxtpx:TrackPointExtension></extensions></trkpt>
    <trkpt lat="47.60016" lon="-122.318719"><ele>57.8</ele><time>2026-01-01T08:12:45Z</time><extensions><gpxtpx:TrackPointExtension><gpxtpx:hr>153</gpxtpx:hr></gpxtpx:TrackPointExtension></extensions></trkpt>
    <trkpt lat="47.600099" lon="-122.318793"><ele>57.3</ele><time>2026-01-01T08:12:48Z</time><extensions><gpxtpx:TrackPointExtension><gpxtpx:hr>153</gpxtpx:hr></gpxtpx:TrackPointExtension></extensions></trkpt>
    <trkpt lat="47.600038" lon="-122.318867"><ele>57.5</ele><time>2026-01-01T08:12:51Z</time><extensions><gpxtpx:TrackPointExtension><gpxtpx:hr>151</gpxtpx:hr></gpxtpx:TrackPointExtension></extensions></trkpt>
    <trkpt lat="47.599983" lon="-122.318936"><ele>57.6</ele><time>2026-01-01T08:12:54Z</time><extensions><gpxtpx:TrackPointExtension><gpxtpx:hr>154</gpxtpx:hr></gpxtpx:TrackPointExtension></extensions></trkpt>
    <trkpt lat="47.599926" lon="-122.319008"><ele>57.5</ele><time>2026-01-01T08:12:57Z</time><extensions><gpxtpx:TrackPointExtension><gpxtpx:hr>155</gpxtpx:hr></gpxtpx:TrackPointExtension></extensions></trkpt>
    <trkpt lat="47.599867" lon="-122.319085"><ele>57.7</ele><time>2026-01-01T08:13:00Z</time><extensions><gpxtpx:TrackPointExtension><gpxtpx:hr>150</gpxtpx:hr></gpxtpx:TrackPointExtension></extensions></trkpt>
    <trkpt lat="47.59981" lon="-122.319162"><ele>57.5</ele><time>2026-01-01T08:13:03Z</time><extensions><gpxtpx:TrackPointExtension><gpxtpx:hr>150</gpxtpx:hr></gpxtpx:TrackPointExtension></extensions></trkpt>
    <trkpt lat="47.599755" lon="-122.319237"><ele>57.4</ele><time>2026-01-01T08:13:06Z</time><extensions><gpxtpx:TrackPointExtension><gpxtpx:hr>154</gpxtpx:hr></gpxtpx:TrackPointExtension></extensions></trkpt>
    <trkpt lat="47.599699" lon="-122.319315"><ele>57.4</ele><time>2026-01-01T08:13:09Z</time><extensions><gpxtpx:TrackPointExtension><gpxtpx:hr>150</gpxtpx:hr></gpxtpx:TrackPointExtension></extensions></trkpt>
    <trkpt lat="47.599644" lon="-122.319395"><ele>57.4</ele><time>2026-01-01T08:13:12Z</time><extensions><gpxtpx:TrackPointExtension><gpxtpx:hr>156</gpxtpx:hr></gpxtpx:TrackPointExtension></extensions></trkpt>
    <trkpt lat="47.59959" lon="-122.319473"><ele>57.5</ele><time>2026-01-01T08:13:15Z</time><extensions><gpxtpx:TrackPointExtension><gpxtpx:hr>153</gpxtpx:hr></gpxtpx:TrackPointExtension></extensions></trkpt>
    <trkpt lat="47.599538" lon="-122.319551"><ele>57.9</ele><time>2026-01-01T08:13:18Z</time><extensions><gpxtpx:TrackPointExtension><gpxtpx:hr>152</gpxtpx:hr></gpxtpx:TrackPointExtension></extensions></trkpt>
    <trkpt lat="47.599482" lon="-122.319636"><ele>57.9</ele><time>2026-01-01T08:13:21Z</time><extensions><gpxtpx:TrackPointExtension><gpxtpx:hr>153</gpxtpx:hr></gpxtpx:TrackPointExtension></extensions></trkpt>
    <trkpt lat="47.599429" lon="-122.31972"><ele>57.5</ele><time>2026-01-01T08:13:24Z</time><extensions><gpxtpx:TrackPointExtension><gpxtpx:hr>149</gpxtpx:hr></gpxtpx:TrackPointExtension></extensions></trkpt>
    <trkpt lat="47.599381" lon="-122.319797"><ele>57.4</ele><time>2026-01-01T08:13:27Z</time><extensions><gpxtpx:TrackPointExtension><gpxtpx:hr>153</gpxtpx:hr></gpxtpx:TrackPointExtension></extensions></trkpt>
    <trkpt lat="47.599327" lon="-122.319884"><ele>58.2</ele><time>2026-01-01T08:13:30Z</time><extensions><gpxtpx:TrackPointExtension><gpxtpx:hr>152</gpxtpx:hr></gpxtpx:TrackPointExtension></extensions></trkpt>
    <trkpt lat="47.599274" lon="-122.319973"><ele>57.9</ele><time>2026-01-01T08:13:33Z</time><extensions><gpxtpx:TrackPointExtension><gpxtpx:hr>153</gpxtpx:hr></gpxtpx:TrackPointExtension></extensions></trkpt>
    <trkpt lat="47.599222" lon="-122.320063"><ele>57.7</ele><time>2026-01-01T08:13:36Z</time><extensions><gpxtpx:TrackPointExtension><gpxtpx:hr>154</gpxtpx:hr></gpxtpx:TrackPointExtension></extensions></trkpt>
    <trkpt lat="47.599172" lon="-122.32015"><ele>58.1</ele><time>2026-01-01T08:13:39Z</time><extensions><gpxtpx:TrackPointExtension><gpxtpx:hr>154</gpxtpx:hr></gpxtpx:TrackPointExtension></extensions></trkpt>
    <trkpt lat="47.599124" lon="-122.320235"><ele>57.7</ele><time>2026-01-01T08:13:42Z</time><extensions><gpxtpx:TrackPointExtension><gpxtpx:hr>148</gpxtpx:hr></gpxtpx:TrackPointExtension></extensions></trkpt>
    <trkpt lat="47.599078" lon="-122.320321"><ele>58.1</ele><time>2026-01-01T08:13:45Z</time><extensions><gpxtpx:TrackPointExtension><gpxtpx:hr>154</gpxtpx:hr></gpxtpx:TrackPointExtension></extensions></trkpt>
    <trkpt lat="47.599029" lon="-122.320411"><ele>58.1</ele><time>2026-01-01T08:13:48Z</time><extensions><gpxtpx:TrackPointExtension><gpxtpx:hr>150</gpxtpx:hr></gpxtpx:TrackPointExtension></extensions></trkpt>
    <trkpt lat="47.598985" lon="-122.320496"><ele>58.1</ele><time>2026-01-01T08:13:51Z</time><extensions><gpxtpx:TrackPointExtension><gpxtpx:hr>150</gpxtpx:hr></gpxtpx:TrackPointExtension></extensions></trkpt>
    <trkpt lat="47.598938" lon="-122.320589"><ele>57.8</ele><time>2026-01-01T08:13:54Z</time><extensions><gpxtpx:TrackPointExtension><gpxtpx:hr>154</gpxtpx:hr></gpxtpx:TrackPointExtension></extensions></trkpt>
    <trkpt lat="47.598896" lon="-122.320673"><ele>57.9</ele><time>2026-01-01T08:13:57Z</time><extensions><gpxtpx:TrackPointExtension><gpxtpx:hr>148</gpxtpx:hr></gpxtpx:TrackPointExtension></extensions></trkpt>
    <trkpt lat="47.598852" lon="-122.320763"><ele>57.8</ele><time>2026-01-01T08:14:00Z</time><extensions><gpxtpx:TrackPointExtension><gpxtpx:hr>149</gpxtpx:hr></gpxtpx:TrackPointExtension></extensions></trkpt>
    <trkpt lat="47.59881" lon="-122.32085"><ele>57.7</ele><time>2026-01-01T08:14:03Z</time><extensions><gpxtpx:TrackPointExtension><gpxtpx:hr>153</gpxtpx:hr></gpxtpx:TrackPointExtension></extensions></trkpt>
    <trkpt lat="47.598769" lon="-122.320938"><ele>58.3</ele><time>2026-01-01T08:14:06Z</time><extensions><gpxtpx:TrackPointExtension><gpxtpx:hr>152</gpxtpx:hr></gpxtpx:TrackPointExtension></extensions></trkpt>
    <trkpt lat="47.598728" lon="-122.321028"><ele>57.6</ele><time>2026-01-01T08:14:09Z</time><extensions><gpxtpx:TrackPointExtension><gpxtpx:hr>151</gpxtpx:hr></gpxtpx:TrackPointExtension></extensions></trkpt>
    <trkpt lat="47.598689" lon="-122.321117"><ele>58.3</ele><time>2026-01-01T08:14:12Z</time><extensions><gpxtpx:TrackPointExtension><gpxtpx:hr>150</gpxtpx:hr></gpxtpx:TrackPointExtension></extensions></trkpt>
    <trkpt lat="47.598647" lon="-122.321214"><ele>58.2</ele><time>2026-01-01T08:14:15Z</time><extensions><gpxtpx:TrackPointExtension><gpxtpx:hr>147</gpxtpx:hr></gpxtpx:TrackPointExtension></extensions></trkpt>
    <trkpt lat="47.598608" lon="-122.321304"><ele>57.9</ele><time>2026-01-01T08:14:18Z</time><extensions><gpxtpx:TrackPointExtension><gpxtpx:hr>149</gpxtpx:hr></gpxtpx:TrackPointExtension></extensions></trkpt>
    <trkpt lat="47.598569" lon="-122.321399"><ele>57.9</ele><time>2026-01-01T08:14:21Z</time><extensions><gpxtpx:TrackPointExtension><gpxtpx:hr>152</gpxtpx:hr></gpxtpx:TrackPointExtension></extensions></trkpt>
    <trkpt lat="47.59853" lon="-122.321495"><ele>58.1</ele><time>2026-01-01T08:14:24Z</time><extensions><gpxtpx:TrackPointExtension><gpxtpx:hr>149</gpxtpx:hr></gpxtpx:TrackPointExtension></extensions></trkpt>
    <trkpt lat="47.598494" lon="-122.321587"><ele>58.0</ele><time>2026-01-01T08:14:27Z</time><extensions><gpxtpx:TrackPointExtension><gpxtpx:hr>150</gpxtpx:hr></gpxtpx:TrackPointExtension></extensions></trkpt>
    <trkpt lat="47.598457" lon="-122.321683"><ele>58.4</ele><time>2026-01-01T08:14:30Z</time><extensions><gpxtpx:TrackPointExtension><gpxtpx:hr>148</gpxtpx:hr></gpxtpx:TrackPointExtension></extensions></trkpt>
    <trkpt lat="47.598422" lon="-122.321777"><ele>57.7</ele><time>2026-01-01T08:14:33Z</time><extensions><gpxtpx:TrackPointExtension><gpxtpx:hr>151</gpxtpx:hr></gpxtpx:TrackPointExtension></extensions></trkpt>
    <trkpt lat="47.598386" lon="-122.321875"><ele>57.7</ele><time>2026-01-01T08:14:36Z</time><extensions><gpxtpx:TrackPointExtension><gpxtpx:hr>150</gpxtpx:hr></gpxtpx:TrackPointExtension></extensions></trkpt>
    <trkpt lat="47.59835" lon="-122.321975"><ele>58.3</ele><time>2026-01-01T08:14:39Z</time><extensions><gpxtpx:TrackPointExtension><gpxtpx:hr>152</gpxtpx:hr></gpxtpx:TrackPointExtension></extensions></trkpt>
    <trkpt lat="47.598315" lon="-122.322074"><ele>58.2</ele><time>2026-01-01T08:14:42Z</time><extensions><gpxtpx:TrackPointExtension><gpxtpx:hr>151</gpxtpx:hr></gpxtpx:TrackPointExtension></extensions></trkpt>
    <trkpt lat="47.598279" lon="-122.322181"><ele>58.3</ele><time>2026-01-01T08:14:45Z</time><extensions><gpxtpx:TrackPointExtension><gpxtpx:hr>149</gpxtpx:hr></gpxtpx:TrackPointExtension></extensions></trkpt>
    <trkpt lat="47.598248" lon="-122.322277"><ele>57.7</ele><time>2026-01-01T08:14:48Z</time><extensions><gpxtpx:TrackPointExtension><gpxtpx:hr>150</gpxtpx:hr></gpxtpx:TrackPointExtension></extensions></trkpt>
    <trkpt lat="47.598215" lon="-122.322378"><ele>57.7</ele><time>2026-01-01T08:14:51Z</time><extensions><gpxtpx:TrackPointExtension><gpxtpx:hr>151</gpxtpx:hr></gpxtpx:TrackPointExtension></extensions></trkpt>
    <trkpt lat="47.598183" lon="-122.32248"><ele>58.1</ele><time>2026-01-01T08:14:54Z</time><extensions><gpxtpx:TrackPointExtension><gpxtpx:hr>150</gpxtpx:hr></gpxtpx:TrackPointExtension></extensions></trkpt>
    <trkpt lat="47.598152" lon="-122.322581"><ele>58.0</ele><time>2026-01-01T08:14:57Z</time><extensions><gpxtpx:TrackPointExtension><gpxtpx:hr>145</gpxtpx:hr></gpxtpx:TrackPointExtension></extensions></trkpt>
    <trkpt lat="47.59812" lon="-122.322689"><ele>57.7</ele><time>2026-01-01T08:15:00Z</time><extensions><gpxtpx:TrackPointExtension><gpxtpx:hr>146</gpxtpx:hr></gpxtpx:TrackPointExtension></extensions></trkpt>
    <trkpt lat="47.598092" lon="-122.322786"><ele>58.1</ele><time>2026-01-01T08:15:03Z</time><extensions><gpxtpx:TrackPointExtension><gpxtpx:hr>146</gpxtpx:hr></gpxtpx:TrackPointExtension></extensions></trkpt>
    <trkpt lat="47.598064" lon="-122.322888"><ele>57.9</ele><time>2026-01-01T08:15:06Z</time><extensions><gpxtpx:TrackPointExtension><gpxtpx:hr>148</gpxtpx:hr></gpxtpx:TrackPointExtension></extensions></trkpt>
    <trkpt lat="47.598037" lon="-122.322988"><ele>58.3</ele><time>2026-01-01T08:15:09Z</time><extensions><gpxtpx:TrackPointExtension><gpxtpx:hr>151</gpxtpx:hr></gpxtpx:TrackPointExtension></extensions></trkpt>
    <trkpt lat="47.598007" lon="-122.323099"><ele>57.8</ele><time>2026-01-01T08:15:12Z</time><extensions><gpxtpx:TrackPointExtension><gpxtpx:hr>148</gpxtpx:hr></gpxtpx:TrackPointExtension></extensions></trkpt>
    <trkpt lat="47.597981" lon="-122.323203"><ele>58.1</ele><time>2026-01-01T08:15:15Z</time><extensions><gpxtpx:TrackPointExtension><gpxtpx:hr>149</gpxtpx:hr></gpxtpx:TrackPointExtension></extensions></trkpt>
    <trkpt lat="47.597955" lon="-122.323309"><ele>57.9</ele><time>2026-01-01T08:15:18Z</time><extensions><gpxtpx:TrackPointExtension><gpxtpx:hr>145</gpxtpx:hr></gpxtpx:TrackPointExtension></extensions></trkpt>
    <trkpt lat="47.59793" lon="-122.323411"><ele>57.9</ele><time>2026-01-01T08:15:21Z</time><extensions><gpxtpx:TrackPointExtension><gpxtpx:hr>150</gpxtpx:hr></gpxtpx:TrackPointExtension></extensions></trkpt>
    <trkpt lat="47.597904" lon="-122.32352"><ele>58.0</ele><time>2026-01-01T08:15:24Z</time><extensions><gpxtpx:TrackPointExtension><gpxtpx:hr>145</gpxtpx:hr></gpxtpx:TrackPointExtension></extensions></trkpt>
    <trkpt lat="47.597879" lon="-122.323633"><ele>57.8</ele><time>2026-01-01T08:15:27Z</time><extensions><gpxtpx:TrackPointExtension><gpxtpx:hr>144</gpxtpx:hr></gpxtpx:TrackPointExtension></extensions></trkpt>
    <trkpt lat="47.597857" lon="-122.323735"><ele>58.3</ele><time>2026-01-01T08:15:30Z</time><extensions><gpxtpx:TrackPointExtension><gpxtpx:hr>146</gpxtpx:hr></gpxtpx:TrackPointExtension></extensions></trkpt>
    <trkpt lat="47.597836" lon="-122.323837"><ele>58.3</ele><time>2026-01-01T08:15:33Z</time><extensions><gpxtpx:TrackPointExtension><gpxtpx:hr>145</gpxtpx:hr></gpxtpx:TrackPointExtension></extensions></trkpt>
    <trkpt lat="47.597813" lon="-122.323947"><ele>58.2</ele><time>2026-01-01T08:15:36Z</time><extensions><gpxtpx:TrackPointExtension><gpxtpx:hr>147</gpxtpx:hr></gpxtpx:TrackPointExtension></extensions></trkpt>
    <trkpt lat="47.597792" lon="-122.324058"><ele>57.6</ele><time>2026-01-01T08:15:39Z</time><extensions><gpxtpx:TrackPointExtension><gpxtpx:hr>144</gpxtpx:hr></gpxtpx:TrackPointExtension></extensions></trkpt>
    <trkpt lat="47.59777" lon="-122.324173"><ele>58.3</ele><time>2026-01-01T08:15:42Z</time><extensions><gpxtpx:TrackPointExtension><gpxtpx:hr>143</gpxtpx:hr></gpxtpx:TrackPointExtension></extensions></trkpt>
    <trkpt lat="47.597752" lon="-122.324275"><ele>57.7</ele><time>2026-01-01T08:15:45Z</time><extensions><gpxtpx:TrackPointExtension><gpxtpx:hr>147</gpxtpx:hr></gpxtpx:TrackPointExtension></extensions></trkpt>
    <trkpt lat="47.597732" lon="-122.324386"><ele>57.9</ele><time>2026-01-01T08:15:48Z</time><extensions><gpxtpx:TrackPointExtension><gpxtpx:hr>148</gpxtpx:hr></gpxtpx:TrackPointExtension></extensions></trkpt>
    <trkpt lat="47.597713" lon="-122.324502"><ele>57.5</ele><time>2026-01-01T08:15:51Z</time><extensions><gpxtpx:TrackPointExtension><gpxtpx:hr>143</gpxtpx:hr></gpxtpx:TrackPointExtension></extensions></trkpt>
    <trkpt lat="47.597694" lon="-122.324617"><ele>58.0</ele><time>2026-01-01T08:15:54Z</time><extensions><gpxtpx:TrackPointExtension><gpxtpx:hr>144</gpxtpx:hr></gpxtpx:TrackPointExtension></extensions></trkpt>
    <trkpt lat="47.597679" lon="-122.324721"><ele>57.7</ele><time>2026-01-01T08:15:57Z</time><extensions><gpxtpx:TrackPointExtension><gpxtpx:hr>147</gpxtpx:hr></gpxtpx:TrackPointExtension></extensions></trkpt>
    <trkpt lat="47.597663" lon="-122.32483"><ele>58.2</ele><time>2026-01-01T08:16:00Z</time><extensions><gpxtpx:TrackPointExtension><gpxtpx:hr>146</gpxtpx:hr></gpxtpx:TrackPointExtension></extensions></trkpt>
    <trkpt lat="47.597648" lon="-122.324939"><ele>57.6</ele><time>2026-01-01T08:16:03Z</time><extensions><gpxtpx:TrackPointExtension><gpxtpx:hr>147</gpxtpx:hr></gpxtpx:TrackPointExtension></extensions></trkpt>
    <trkpt lat="47.597633" lon="-122.325052"><ele>57.9</ele><time>2026-01-01T08:16:06Z</time><extensions><gpxtpx:TrackPointExtension><gpxtpx:hr>144</gpxtpx:hr></gpxtpx:TrackPointExtension></extensions></trkpt>
    <trkpt lat="47.597619" lon="-122.325161"><ele>57.8</ele><time>2026-01-01T08:16:09Z</time><extensions><gpxtpx:TrackPointExtension><gpxtpx:hr>145</gpxtpx:hr></gpxtpx:TrackPointExtension></extensions></trkpt>
    <trkpt lat="47.597606" lon="-122.325272"><ele>57.6</ele><time>2026-01-01T08:16:12Z</time><extensions><gpxtpx:TrackPointExtension><gpxtpx:hr>144</gpxtpx:hr></gpxtpx:TrackPointExtension></extensions></trkpt>
    <trkpt lat="47.597594" lon="-122.325381"><ele>57.8</ele><time>2026-01-01T08:16:15Z</time><extensions><gpxtpx:TrackPointExtension><gpxtpx:hr>144</gpxtpx:hr></gpxtpx:TrackPointExtension></extensions></trkpt>
    <trkpt lat="47.597583" lon="-122.325486"><ele>57.6</ele><time>2026-01-01T08:16:18Z</time><extensions><gpxtpx:TrackPointExtension><gpxtpx:hr>143</gpxtpx:hr></gpxtpx:TrackPointExtension></extensions></trkpt>
    <trkpt lat="47.597572" lon="-122.32559"><ele>58.1</ele><time>2026-01-01T08:16:21Z</time><extensions><gpxtpx:TrackPointExtension><gpxtpx:hr>142</gpxtpx:hr></gpxtpx:TrackPointExtension></extensions></trkpt>
    <trkpt lat="47.597562" lon="-122.325702"><ele>58.1</ele><time>2026-01-01T08:16:24Z</time><extensions><gpxtpx:TrackPointExtension><gpxtpx:hr>141</gpxtpx:hr></gpxtpx:TrackPointExtension></extensions></trkpt>
    <trkpt lat="47.597552" lon="-122.325819"><ele>57.6</ele><time>2026-01-01T08:16:27Z</time><extensions><gpxtpx:TrackPointExtension><gpxtpx:hr>146</gpxtpx:hr></gpxtpx:TrackPointExtension></extensions></trkpt>
    <trkpt lat="47.597544" lon="-122.325927"><ele>58.1</ele><time>2026-01-01T08:16:30Z</time><extensions><gpxtpx:TrackPointExtension><gpxtpx:hr>147</gpxtpx:hr></gpxtpx:TrackPointExtension></extensions></trkpt>
    <trkpt lat="47.597536" lon="-122.326034"><ele>57.8</ele><time>2026-01-01T08:16:33Z</time><extensions><gpxtpx:TrackPointExtension><gpxtpx:hr>145</gpxtpx:hr></gpxtpx:TrackPointExtension></extensions></trkpt>
    <trkpt lat="47.597529" lon="-122.326143"><ele>57.9</ele><time>2026-01-01T08:16:36Z</time><extensions><gpxtpx:TrackPointExtension><gpxtpx:hr>144</gpxtpx:hr></gpxtpx:TrackPointExtension></extensions></trkpt>
    <trkpt lat="47.597522" lon="-122.326257"><ele>57.8</ele><time>2026-01-01T08:16:39Z</time><extensions><gpxtpx:TrackPointExtension><gpxtpx:hr>144</gpxtpx:hr></gpxtpx:TrackPointExtension></extensions></trkpt>
    <trkpt lat="47.597516" lon="-122.326376"><ele>57.8</ele><time>2026-01-01T08:16:42Z</time><extensions><gpxtpx:TrackPointExtension><gpxtpx:hr>142</gpxtpx:hr></gpxtpx:TrackPointExtension></extensions></trkpt>
    <trkpt lat="47.59751" lon="-122.326491"><ele>57.3</ele><time>2026-01-01T08:16:45Z</time><extensions><gpxtpx:TrackPointExtension><gpxtpx:hr>145</gpxtpx:hr></gpxtpx:TrackPointExtension></extensions></trkpt>
    <trkpt lat="47.597506" lon="-122.326596"><ele>57.9</ele><time>2026-01-01T08:16:48Z</time><extensions><gpxtpx:TrackPointExtension><gpxtpx:hr>146</gpxtpx:hr></gpxtpx:TrackPointExtension></extensions></trkpt>
    <trkpt lat="47.597502" lon="-122.32671"><ele>57.4</ele><time>2026-01-01T08:16:51Z</time><extensions><gpxtpx:TrackPointExtension><gpxtpx:hr>142</gpxtpx:hr></gpxtpx:TrackPointExtension></extensions></trkpt>
    <trkpt lat="47.597499" lon="-122.326827"><ele>57.5</ele><time>2026-01-01T08:16:54Z</time><extensions><gpxtpx:TrackPointExtension><gpxtpx:hr>142</gpxtpx:hr></gpxtpx:TrackPointExtension></extensions></trkpt>
    <trkpt lat="47.597496" lon="-122.326943"><ele>57.9</ele><time>2026-01-01T08:16:57Z</time><extensions><gpxtpx:TrackPointExtension><gpxtpx:hr>140</gpxtpx:hr></gpxtpx:TrackPointExtension></extensions></trkpt>
    <trkpt lat="47.597495" lon="-122.327052"><ele>57.4</ele><time>2026-01-01T08:17:00Z</time><extensions><gpxtpx:TrackPointExtension><gpxtpx:hr>141</gpxtpx:hr></gpxtpx:TrackPointExtension></extensions></trkpt>
    <trkpt lat="47.597494" lon="-122.327165"><ele>57.4</ele><time>2026-01-01T08:17:03Z</time><extensions><gpxtpx:TrackPointExtension><gpxtpx:hr>142</gpxtpx:hr></gpxtpx:TrackPointExtension></extensions></trkpt>
    <trkpt lat="47.597493" lon="-122.327275"><ele>57.9</ele><time>2026-01-01T08:17:06Z</time><extensions><gpxtpx:TrackPointExtension><gpxtpx:hr>144</gpxtpx:hr></gpxtpx:TrackPointExtension></extensions></trkpt>
    <trkpt lat="47.597494" lon="-122.327383"><ele>57.8</ele><time>2026-01-01T08:17:09Z</time><extensions><gpxtpx:TrackPointExtension><gpxtpx:hr>141</gpxtpx:hr></gpxtpx:TrackPointExtension></extensions></trkpt>
    <trkpt lat="47.597495" lon="-122.327494"><ele>57.3</ele><time>2026-01-01T08:17:12Z</time><extensions><gpxtpx:TrackPointExtension><gpxtpx:hr>139</gpxtpx:hr></gpxtpx:TrackPointExtension></extensions></trkpt>
    <trkpt lat="47.597496" lon="-122.327609"><ele>57.7</ele><time>2026-01-01T08:17:15Z</time><extensions><gpxtpx:TrackPointExtension><gpxtpx:hr>145</gpxtpx:hr></gpxtpx:TrackPointExtension></extensions></trkpt>
    <trkpt lat="47.597499" lon="-122.327717"><ele>57.3</ele><time>2026-01-01T08:17:18Z</time><extensions><gpxtpx:TrackPointExtension><gpxtpx:hr>142</gpxtpx:hr></gpxtpx:TrackPointExtension></extensions></trkpt>
    <trkpt lat="47.597502" lon="-122.327831"><ele>57.6</ele><time>2026-01-01T08:17:21Z</time><extensions><gpxtpx:TrackPointExtension><gpxtpx:hr>145</gpxtpx:hr></gpxtpx:TrackPointExtension></extensions></trkpt>
    <trkpt lat="47.597505" lon="-122.327939"><ele>57.4</ele><time>2026-01-01T08:17:24Z</time><extensions><gpxtpx:TrackPointExtension><gpxtpx:hr>142</gpxtpx:hr></gpxtpx:TrackPointExtension></extensions></trkpt>
    <trkpt lat="47.59751" lon="-122.328049"><ele>57.7</ele><time>2026-01-01T08:17:27Z</time><extensions><gpxtpx:TrackPointExtension><gpxtpx:hr>142</gpxtpx:hr></gpxtpx:TrackPointExtension></extensions></trkpt>
    <trkpt lat="47.597515" lon="-122.328166"><ele>57.0</ele><time>2026-01-01T08:17:30Z</time><extensions><gpxtpx:TrackPointExtension><gpxtpx:hr>139</gpxtpx:hr></gpxtpx:TrackPointExtension></extensions></trkpt>
    <trkpt lat="47.597521" lon="-122.328274"><ele>57.6</ele><time>2026-01-01T08:17:33Z</time><extensions><gpxtpx:TrackPointExtension><gpxtpx:hr>139</gpxtpx:hr></gpxtpx:TrackPointExtension></extensions></trkpt>
    <trkpt lat="47.597527" lon="-122.328387"><ele>57.1</ele><time>2026-01-01T08:17:36Z</time><extensions><gpxtpx:TrackPointExtension><gpxtpx:hr>140</gpxtpx:hr></gpxtpx:TrackPointExtension></extensions></trkpt>
    <trkpt lat="47.597535" lon="-122.328506"><ele>57.5</ele><time>2026-01-01T08:17:39Z</time><extensions><gpxtpx:TrackPointExtension><gpxtpx:hr>142</gpxtpx:hr></gpxtpx:TrackPointExtension></extensions></trkpt>
    <trkpt lat="47.597543" lon="-122.328623"><ele>57.1</ele><time>2026-01-01T08:17:42Z</time><extensions><gpxtpx:TrackPointExtension><gpxtpx:hr>138</gpxtpx:hr></gpxtpx:TrackPointExtension></extensions></trkpt>
    <trkpt lat="47.597551" lon="-122.328736"><ele>57.6</ele><time>2026-01-01T08:17:45Z</time><extensions><gpxtpx:TrackPointExtension><gpxtpx:hr>140</gpxtpx:hr></gpxtpx:TrackPointExtension></extensions></trkpt>
    <trkpt lat="47.597561" lon="-122.32885"><ele>57.1</ele><time>2026-01-01T08:17:48Z</time><extensions><gpxtpx:TrackPointExtension><gpxtpx:hr>144</gpxtpx:hr></gpxtpx:TrackPointExtension></extensions></trkpt>
    <trkpt lat="47.597571" lon="-122.328969"><ele>57.4</ele><time>2026-01-01T08:17:51Z</time><extensions><gpxtpx:TrackPointExtension><gpxtpx:hr>138</gpxtpx:hr></gpxtpx:TrackPointExtension></extensions></trkpt>
    <trkpt lat="47.597582" lon="-122.329081"><ele>56.9</ele><time>2026-01-01T08:17:54Z</time><extensions><gpxtpx:TrackPointExtension><gpxtpx:hr>140</gpxtpx:hr></gpxtpx:TrackPointExtension></extensions></trkpt>
    <trkpt lat="47.597593" lon="-122.329196"><ele>56.8</ele><time>2026-01-01T08:17:57Z</time><extensions><gpxtpx:TrackPointExtension><gpxtpx:hr>139</gpxtpx:hr></gpxtpx:TrackPointExtension></extensions></trkpt>
    <trkpt lat="47.597605" lon="-122.329304"><ele>56.8</ele><time>2026-01-01T08:18:00Z</time><extensions><gpxtpx:TrackPointExtension><gpxtpx:hr>143</gpxtpx:hr></gpxtpx:TrackPointExtension></extensions></trkpt>
    <trkpt lat="47.597617" lon="-122.329419"><ele>57.1</ele><time>2026-01-01T08:18:03Z</time><extensions><gpxtpx:TrackPointExtension><gpxtpx:hr>140</gpxtpx:hr></gpxtpx:TrackPointExtension></extensions></trkpt>
    <trkpt lat="47.597629" lon="-122.329522"><ele>57.1</ele><time>2026-01-01T08:18:06Z</time><extensions><gpxtpx:TrackPointExtension><gpxtpx:hr>143</gpxtpx:hr></gpxtpx:TrackPointExtension></extensions></trkpt>
    <trkpt lat="47.597643" lon="-122.32963"><ele>57.1</ele><time>2026-01-01T08:18:09Z</time><extensions><gpxtpx:TrackPointExtension><gpxtpx:hr>142</gpxtpx:hr></gpxtpx:TrackPointExtension></extensions></trkpt>
    <trkpt lat="47.597656" lon="-122.329734"><ele>56.6</ele><time>2026-01-01T08:18:12Z</time><extensions><gpxtpx:TrackPointExtension><gpxtpx:hr>140</gpxtpx:hr></gpxtpx:TrackPointExtension></extensions></trkpt>
    <trkpt lat="47.59767" lon="-122.329838"><ele>56.8</ele><time>2026-01-01T08:18:15Z</time><extensions><gpxtpx:TrackPointExtension><gpxtpx:hr>137</gpxtpx:hr></gpxtpx:TrackPointExtension></extensions></trkpt>
    <trkpt lat="47.597686" lon="-122.329947"><ele>57.0</ele><time>2026-01-01T08:18:18Z</time><extensions><gpxtpx:TrackPointExtension><gpxtpx:hr>137</gpxtpx:hr></gpxtpx:TrackPointExtension></extensions></trkpt>
    <trkpt lat="47.597702" lon="-122.330058"><ele>57.1</ele><time>2026-01-01T08:18:21Z</time><extensions><gpxtpx:TrackPointExtension><gpxtpx:hr>142</gpxtpx:hr></gpxtpx:TrackPointExtension></extensions></trkpt>
    <trkpt lat="47.597718" lon="-122.330167"><ele>56.6</ele><time>2026-01-01T08:18:24Z</time><extensions><gpxtpx:TrackPointExtension><gpxtpx:hr>139</gpxtpx:hr></gpxtpx:TrackPointExtension></extensions></trkpt>
    <trkpt lat="47.597737" lon="-122.330283"><ele>56.7</ele><time>2026-01-01T08:18:27Z</time><extensions><gpxtpx:TrackPointExtension><gpxtpx:hr>137</gpxtpx:hr></gpxtpx:TrackPointExtension></extensions></trkpt>
    <trkpt lat="47.597754" lon="-122.330387"><ele>57.0</ele><time>2026-01-01T08:18:30Z</time><extensions><gpxtpx:TrackPointExtension><gpxtpx:hr>142</gpxtpx:hr></gpxtpx:TrackPointExtension></extensions></trkpt>
    <trkpt lat="47.597772" lon="-122.33049"><ele>56.7</ele><time>2026-01-01T08:18:33Z</time><extensions><gpxtpx:TrackPointExtension><gpxtpx:hr>142</gpxtpx:hr></gpxtpx:TrackPointExtension></extensions></trkpt>
    <trkpt lat="47.597792" lon="-122.330604"><ele>56.8</ele><time>2026-01-01T08:18:36Z</time><extensions><gpxtpx:TrackPointExtension><gpxtpx:hr>140</gpxtpx:hr></gpxtpx:TrackPointExtension></extensions></trkpt>
    <trkpt lat="47.597811" lon="-122.330712"><ele>56.9</ele><time>2026-01-01T08:18:39Z</time><extensions><gpxtpx:TrackPointExtension><gpxtpx:hr>142</gpxtpx:hr></gpxtpx:TrackPointExtension></extensions></trkpt>
    <trkpt lat="47.597833" lon="-122.330825"><ele>56.9</ele><time>2026-01-01T08:18:42Z</time><extensions><gpxtpx:TrackPointExtension><gpxtpx:hr>139</gpxtpx:hr></gpxtpx:TrackPointExtension></extensions></trkpt>
    <trkpt lat="47.597853" lon="-122.330931"><ele>56.4</ele><time>2026-01-01T08:18:45Z</time><extensions><gpxtpx:TrackPointExtension><gpxtpx:hr>142</gpxtpx:hr></gpxtpx:TrackPointExtension></extensions></trkpt>
    <trkpt lat="47.597874" lon="-122.331036"><ele>56.9</ele><time>2026-01-01T08:18:48Z</time><extensions><gpxtpx:TrackPointExtension><gpxtpx:hr>137</gpxtpx:hr></gpxtpx:TrackPointExtension></extensions></trkpt>
    <trkpt lat="47.597896" lon="-122.331143"><ele>56.7</ele><time>2026-01-01T08:18:51Z</time><extensions><gpxtpx:TrackPointExtension><gpxtpx:hr>140</gpxtpx:hr></gpxtpx:TrackPointExtension></extensions></trkpt>
    <trkpt lat="47.597921" lon="-122.331257"><ele>56.3</ele><time>2026-01-01T08:18:54Z</time><extensions><gpxtpx:TrackPointExtension><gpxtpx:hr>139</gpxtpx:hr></gpxtpx:TrackPointExtension></extensions></trkpt>
    <trkpt lat="47.597943" lon="-122.331359"><ele>56.2</ele><time>2026-01-01T08:18:57Z</time><extensions><gpxtpx:TrackPointExtension><gpxtpx:hr>137</gpxtpx:hr></gpxtpx:TrackPointExtension></extensions></trkpt>
    <trkpt lat="47.597966" lon="-122.331462"><ele>56.2</ele><time>2026-01-01T08:19:00Z</time><extensions><gpxtpx:TrackPointExtension><gpxtpx:hr>137</gpxtpx:hr></gpxtpx:TrackPointExtension></extensions></trkpt>
    <trkpt lat="47.59799" lon="-122.331568"><ele>56.3</ele><time>2026-01-01T08:19:03Z</time><extensions><gpxtpx:TrackPointExtension><gpxtpx:hr>138</gpxtpx:hr></gpxtpx:TrackPointExtension></extensions></trkpt>
    <trkpt lat="47.598014" lon="-122.33167"><ele>56.1</ele><time>2026-01-01T08:19:06Z</time><extensions><gpxtpx:TrackPointExtension><gpxtpx:hr>141</gpxtpx:hr></gpxtpx:TrackPointExtension></extensions></trkpt>
    <trkpt lat="47.59804" lon="-122.331778"><ele>56.7</ele><time>2026-01-01T08:19:09Z</time><extensions><gpxtpx:TrackPointExtension><gpxtpx:hr>139</gpxtpx:hr></gpxtpx:TrackPointExtension></extensions></trkpt>
    <trkpt lat="47.598066" lon="-122.33188"><ele>56.1</ele><time>2026-01-01T08:19:12Z</time><extensions><gpxtpx:TrackPointExtension><gpxtpx:hr>141</gpxtpx:hr></gpxtpx:TrackPointExtension></extensions></trkpt>
    <trkpt lat="47.598092" lon="-122.331984"><ele>56.3</ele><time>2026-01-01T08:19:15Z</time><extensions><gpxtpx:TrackPointExtension><gpxtpx:hr>137</gpxtpx:hr></gpxtpx:TrackPointExtension></extensions></trkpt>
    <trkpt lat="47.598119" lon="-122.332088"><ele>56.5</ele><time>2026-01-01T08:19:18Z</time><extensions><gpxtpx:TrackPointExtension><gpxtpx:hr>135</gpxtpx:hr></gpxtpx:TrackPointExtension></extensions></trkpt>
    <trkpt lat="47.598147" lon="-122.332194"><ele>55.8</ele><time>2026-01-01T08:19:21Z</time><extensions><gpxtpx:TrackPointExtension><gpxtpx:hr>140</gpxtpx:hr></gpxtpx:TrackPointExtension></extensions></trkpt>
    <trkpt lat="47.598175" lon="-122.332297"><ele>55.9</ele><time>2026-01-01T08:19:24Z</time><extensions><gpxtpx:TrackPointExtension><gpxtpx:hr>135</gpxtpx:hr></gpxtpx:TrackPointExtension></extensions></trkpt>
    <trkpt lat="47.598204" lon="-122.332401"><ele>56.1</ele><time>2026-01-01T08:19:27Z</time><extensions><gpxtpx:TrackPointExtension><gpxtpx:hr>138</gpxtpx:hr></gpxtpx:TrackPointExtension></extensions></trkpt>
    <trkpt lat="47.598234" lon="-122.332507"><ele>55.7</ele><time>2026-01-01T08:19:30Z</time><extensions><gpxtpx:TrackPointExtension><gpxtpx:hr>134</gpxtpx:hr></gpxtpx:TrackPointExtension></extensions></trkpt>
    <trkpt lat="47.598263" lon="-122.332606"><ele>56.2</ele><time>2026-01-01T08:19:33Z</time><extensions><gpxtpx:TrackPointExtension><gpxtpx:hr>139</gpxtpx:hr></gpxtpx:TrackPointExtension></extensions></trkpt>
    <trkpt lat="47.598294" lon="-122.332711"><ele>56.0</ele><time>2026-01-01T08:19:36Z</time><extensions><gpxtpx:TrackPointExtension><gpxtpx:hr>139</gpxtpx:hr></gpxtpx:TrackPointExtension></extensions></trkpt>
    <trkpt lat="47.598327" lon="-122.332818"><ele>56.0</ele><time>2026-01-01T08:19:39Z</time><extensions><gpxtpx:TrackPointExtension><gpxtpx:hr>135</gpxtpx:hr></gpxtpx:TrackPointExtension></extensions></trkpt>
    <trkpt lat="47.598358" lon="-122.33292"><ele>55.6</ele><time>2026-01-01T08:19:42Z</time><extensions><gpxtpx:TrackPointExtension><gpxtpx:hr>137</gpxtpx:hr></gpxtpx:TrackPointExtension></extensions></trkpt>
    <trkpt lat="47.59839" lon="-122.333021"><ele>56.2</ele><time>2026-01-01T08:19:45Z</time><extensions><gpxtpx:TrackPointExtension><gpxtpx:hr>134</gpxtpx:hr></gpxtpx:TrackPointExtension></extensions></trkpt>
    <trkpt lat="47.598421" lon="-122.333117"><ele>55.5</ele><time>2026-01-01T08:19:48Z</time><extensions><gpxtpx:TrackPointExtension><gpxtpx:hr>136</gpxtpx:hr></gpxtpx:TrackPointExtension></extensions></trkpt>
    <trkpt lat="47.598453" lon="-122.333215"><ele>55.9</ele><time>2026-01-01T08:19:51Z</time><extensions><gpxtpx:TrackPointExtension><gpxtpx:hr>136</gpxtpx:hr></gpxtpx:TrackPointExtension></extensions></trkpt>
    <trkpt lat="47.598486" lon="-122.333315"><ele>56.0</ele><time>2026-01-01T08:19:54Z</time><extensions><gpxtpx:TrackPointExtension><gpxtpx:hr>134</gpxtpx:hr></gpxtpx:TrackPointExtension></extensions></trkpt>
    <trkpt lat="47.598522" lon="-122.333421"><ele>56.0</ele><time>2026-01-01T08:19:57Z</time><extensions><gpxtpx:TrackPointExtension><gpxtpx:hr>137</gpxtpx:hr></gpxtpx:TrackPointExtension></extensions></trkpt>
    <trkpt lat="47.598554" lon="-122.333514"><ele>55.9</ele><time>2026-01-01T08:20:00Z</time><extensions><gpxtpx:TrackPointExtension><gpxtpx:hr>134</gpxtpx:hr></gpxtpx:TrackPointExtension></extensions></trkpt>
    <trkpt lat="47.598587" lon="-122.333608"><ele>55.9</ele><time>2026-01-01T08:20:03Z</time><extensions><gpxtpx:TrackPointExtension><gpxtpx:hr>134</gpxtpx:hr></gpxtpx:TrackPointExtension></extensions></trkpt>
    <trkpt lat="47.598624" lon="-122.333711"><ele>55.8</ele><time>2026-01-01T08:20:06Z</time><extensions><gpxtpx:TrackPointExtension><gpxtpx:hr>135</gpxtpx:hr></gpxtpx:TrackPointExtension></extensions></trkpt>
    <trkpt lat="47.598659" lon="-122.333808"><ele>55.4</ele><time>2026-01-01T08:20:09Z</time><extensions><gpxtpx:TrackPointExtension><gpxtpx:hr>139</gpxtpx:hr></gpxtpx:TrackPointExtension></extensions></trkpt>
    <trkpt lat="47.598697" lon="-122.333911"><ele>55.5</ele><time>2026-01-01T08:20:12Z</time><extensions><gpxtpx:TrackPointExtension><gpxtpx:hr>133</gpxtpx:hr></gpxtpx:TrackPointExtension></extensions></trkpt>
    <trkpt lat="47.598737" lon="-122.334015"><ele>55.2</ele><time>2026-01-01T08:20:15Z</time><extensions><gpxtpx:TrackPointExtension><gpxtpx:hr>135</gpxtpx:hr></gpxtpx:TrackPointExtension></extensions></trkpt>
    <trkpt lat="47.598775" lon="-122.334115"><ele>55.2</ele><time>2026-01-01T08:20:18Z</time><extensions><gpxtpx:TrackPointExtension><gpxtpx:hr>135</gpxtpx:hr></gpxtpx:TrackPointExtension></extensions></trkpt>
    <trkpt lat="47.598812" lon="-122.33421"><ele>55.3</ele><time>2026-01-01T08:20:21Z</time><extensions><gpxtpx:TrackPointExtension><gpxtpx:hr>137</gpxtpx:hr></gpxtpx:TrackPointExtension></extensions></trkpt>
    <trkpt lat="47.59885" lon="-122.334306"><ele>55.0</ele><time>2026-01-01T08:20:24Z</time><extensions><gpxtpx:TrackPointExtension><gpxtpx:hr>137</gpxtpx:hr></gpxtpx:TrackPointExtension></extensions></trkpt>
    <trkpt lat="47.598887" lon="-122.334397"><ele>55.5</ele><time>2026-01-01T08:20:27Z</time><extensions><gpxtpx:TrackPointExtension><gpxtpx:hr>134</gpxtpx:hr></gpxtpx:TrackPointExtension></extensions></trkpt>
    <trkpt lat="47.598926" lon="-122.334493"><ele>55.3</ele><time>2026-01-01T08:20:30Z</time><extensions><gpxtpx:TrackPointExtension><gpxtpx:hr>139</gpxtpx:hr></gpxtpx:TrackPointExtension></extensions></trkpt>
    <trkpt lat="47.598964" lon="-122.334584"><ele>55.4</ele><time>2026-01-01T08:20:33Z</time><extensions><gpxtpx:TrackPointExtension><gpxtpx:hr>136</gpxtpx:hr></gpxtpx:TrackPointExtension></extensions></trkpt>
    <trkpt lat="47.599005" lon="-122.334682"><ele>54.9</ele><time>2026-01-01T08:20:36Z</time><extensions><gpxtpx:TrackPointExtension><gpxtpx:hr>134</gpxtpx:hr></gpxtpx:TrackPointExtension></extensions></trkpt>
    <trkpt lat="47.599045" lon="-122.334775"><ele>54.8</ele><time>2026-01-01T08:20:39Z</time><extensions><gpxtpx:TrackPointExtension><gpxtpx:hr>136</gpxtpx:hr></gpxtpx:TrackPointExtension></extensions></trkpt>
    <trkpt lat="47.599086" lon="-122.33487"><ele>55.1</ele><time>2026-01-01T08:20:42Z</time><extensions><gpxtpx:TrackPointExtension><gpxtpx:hr>133</gpxtpx:hr></gpxtpx:TrackPointExtension></extensions></trkpt>
    <trkpt lat="47.599129" lon="-122.334967"><ele>55.1</ele><time>2026-01-01T08:20:45Z</time><extensions><gpxtpx:TrackPointExtension><gpxtpx:hr>134</gpxtpx:hr></gpxtpx:TrackPointExtension></extensions></trkpt>
    <trkpt lat="47.599168" lon="-122.335053"><ele>54.4</ele><time>2026-01-01T08:20:48Z</time><extensions><gpxtpx:TrackPointExtension><gpxtpx:hr>138</gpxtpx:hr></gpxtpx:TrackPointExtension></extensions></trkpt>
    <trkpt lat="47.599211" lon="-122.335149"><ele>55.1</ele><time>2026-01-01T08:20:51Z</time><extensions><gpxtpx:TrackPointExtension><gpxtpx:hr>135</gpxtpx:hr></gpxtpx:TrackPointExtension></extensions></trkpt>
    <trkpt lat="47.599251" lon="-122.335237"><ele>54.5</ele><time>2026-01-01T08:20:54Z</time><extensions><gpxtpx:TrackPointExtension><gpxtpx:hr>137</gpxtpx:hr></gpxtpx:TrackPointExtension></extensions></trkpt>
    <trkpt lat="47.599291" lon="-122.335322"><ele>54.5</ele><time>2026-01-01T08:20:57Z</time><extensions><gpxtpx:TrackPointExtension><gpxtpx:hr>138</gpxtpx:hr></gpxtpx:TrackPointExtension></extensions></trkpt>
    <trkpt lat="47.599337" lon="-122.335419"><ele>54.2</ele><time>2026-01-01T08:21:00Z</time><extensions><gpxtpx:TrackPointExtension><gpxtpx:hr>134</gpxtpx:hr></gpxtpx:TrackPointExtension></extensions></trkpt>
    <trkpt lat="47.599384" lon="-122.335516"><ele>54.3</ele><time>2026-01-01T08:21:03Z</time><extensions><gpxtpx:TrackPointExtension><gpxtpx:hr>136</gpxtpx:hr></gpxtpx:TrackPointExtension></extensions></trkpt>
    <trkpt lat="47.59943" lon="-122.33561"><ele>54.3</ele><time>2026-01-01T08:21:06Z</time><extensions><gpxtpx:TrackPointExtension><gpxtpx:hr>136</gpxtpx:hr></gpxtpx:TrackPointExtension></extensions></trkpt>
    <trkpt lat="47.599476" lon="-122.335704"><ele>54.4</ele><time>2026-01-01T08:21:09Z</time><extensions><gpxtpx:TrackPointExtension><gpxtpx:hr>133</gpxtpx:hr></gpxtpx:TrackPointExtension></extensions></trkpt>
    <trkpt lat="47.599523" lon="-122.335797"><ele>54.2</ele><time>2026-01-01T08:21:12Z</time><extensions><gpxtpx:TrackPointExtension><gpxtpx:hr>135</gpxtpx:hr></gpxtpx:TrackPointExtension></extensions></trkpt>
    <trkpt lat="47.599567" lon="-122.335884"><ele>54.7</ele><time>2026-01-01T08:21:15Z</time><extensions><gpxtpx:TrackPointExtension><gpxtpx:hr>137</gpxtpx:hr></gpxtpx:TrackPointExtension></extensions></trkpt>
    <trkpt lat="47.59961" lon="-122.335968"><ele>53.9</ele><time>2026-01-01T08:21:18Z</time><extensions><gpxtpx:TrackPointExtension><gpxtpx:hr>138</gpxtpx:hr></gpxtpx:TrackPointExtension></extensions></trkpt>
    <trkpt lat="47.599654" lon="-122.336052"><ele>54.5</ele><time>2026-01-01T08:21:21Z</time><extensions><gpxtpx:TrackPointExtension><gpxtpx:hr>132</gpxtpx:hr></gpxtpx:TrackPointExtension></extensions></trkpt>
    <trkpt lat="47.599703" lon="-122.336144"><ele>54.4</ele><time>2026-01-01T08:21:24Z</time><extensions><gpxtpx:TrackPointExtension><gpxtpx:hr>132</gpxtpx:hr></gpxtpx:TrackPointExtension></extensions></trkpt>
    <trkpt lat="47.599748" lon="-122.336228"><ele>54.4</ele><time>2026-01-01T08:21:27Z</time><extensions><gpxtpx:TrackPointExtension><gpxtpx:hr>137</gpxtpx:hr></gpxtpx:TrackPointExtension></extensions></trkpt>
    <trkpt lat="47.599796" lon="-122.336316"><ele>53.6</ele><time>2026-01-01T08:21:30Z</time><extensions><gpxtpx:TrackPointExtension><gpxtpx:hr>136</gpxtpx:hr></gpxtpx:TrackPointExtension></extensions></trkpt>
    <trkpt lat="47.599844" lon="-122.336405"><ele>54.3</ele><time>2026-01-01T08:21:33Z</time><extensions><gpxtpx:TrackPointExtension><gpxtpx:hr>133</gpxtpx:hr></gpxtpx:TrackPointExtension></extensions></trkpt>
    <trkpt lat="47.599894" lon="-122.336493"><ele>53.8</ele><time>2026-01-01T08:21:36Z</time><extensions><gpxtpx:TrackPointExtension><gpxtpx:hr>136</gpxtpx:hr></gpxtpx:TrackPointExtension></extensions></trkpt>
    <trkpt lat="47.599942" lon="-122.336579"><ele>53.6</ele><time>2026-01-01T08:21:39Z</time><extensions><gpxtpx:TrackPointExtension><gpxtpx:hr>132</gpxtpx:hr></gpxtpx:TrackPointExtension></extensions></trkpt>
    <trkpt lat="47.599994" lon="-122.33667"><ele>53.6</ele><time>2026-01-01T08:21:42Z</time><extensions><gpxtpx:TrackPointExtension><gpxtpx:hr>137</gpxtpx:hr></gpxtpx:TrackPointExtension></extensions></trkpt>
    <trkpt lat="47.600046" lon="-122.33676"><ele>54.1</ele><time>2026-01-01T08:21:45Z</time><extensions><gpxtpx:TrackPointExtension><gpxtpx:hr>132</gpxtpx:hr></gpxtpx:TrackPointExtension></extensions></trkpt>
    <trkpt lat="47.600098" lon="-122.336849"><ele>53.5</ele><time>2026-01-01T08:21:48Z</time><extensions><gpxtpx:TrackPointExtension><gpxtpx:hr>132</gpxtpx:hr></gpxtpx:TrackPointExtension></extensions></trkpt>
    <trkpt lat="47.600151" lon="-122.336938"><ele>53.2</ele><time>2026-01-01T08:21:51Z</time><extensions><gpxtpx:TrackPointExtension><gpxtpx:hr>133</gpxtpx:hr></gpxtpx:TrackPointExtension></extensions></trkpt>
    <trkpt lat="47.600202" lon="-122.337023"><ele>53.2</ele><time>2026-01-01T08:21:54Z</time><extensions><gpxtpx:TrackPointExtension><gpxtpx:hr>132</gpxtpx:hr></gpxtpx:TrackPointExtension></extensions></trkpt>
    <trkpt lat="47.600252" lon="-122.337106"><ele>53.3</ele><time>2026-01-01T08:21:57Z</time><extensions><gpxtpx:TrackPointExtension><gpxtpx:hr>135</gpxtpx:hr></gpxtpx:TrackPointExtension></extensions></trkpt>
    <trkpt lat="47.600305" lon="-122.337192"><ele>53.1</ele><time>2026-01-01T08:22:00Z</time><extensions><gpxtpx:TrackPointExtension><gpxtpx:hr>136</gpxtpx:hr></gpxtpx:TrackPointExtension></extensions></trkpt>
    <trkpt lat="47.600356" lon="-122.337275"><ele>53.2</ele><time>2026-01-01T08:22:03Z</time><extensions><gpxtpx:TrackPointExtension><gpxtpx:hr>136</gpxtpx:hr></gpxtpx:TrackPointExtension></extensions></trkpt>
    <trkpt lat="47.600409" lon="-122.337358"><ele>53.5</ele><time>2026-01-01T08:22:06Z</time><extensions><gpxtpx:TrackPointExtension><gpxtpx:hr>136</gpxtpx:hr></gpxtpx:TrackPointExtension></extensions></trkpt>
    <trkpt lat="47.600463" lon="-122.337444"><ele>53.3</ele><time>2026-01-01T08:22:09Z</time><extensions><gpxtpx:TrackPointExtension><gpxtpx:hr>133</gpxtpx:hr></gpxtpx:TrackPointExtension></extensions></trkpt>
    <trkpt lat="47.600518" lon="-122.337529"><ele>53.2</ele><time>2026-01-01T08:22:12Z</time><extensions><gpxtpx:TrackPointExtension><gpxtpx:hr>137</gpxtpx:hr></gpxtpx:TrackPointExtension></extensions></trkpt>
    <trkpt lat="47.600572" lon="-122.337611"><ele>52.8</ele><time>2026-01-01T08:22:15Z</time><extensions><gpxtpx:TrackPointExtension><gpxtpx:hr>137</gpxtpx:hr></gpxtpx:TrackPointExtension></extensions></trkpt>
    <trkpt lat="47.600627" lon="-122.337696"><ele>53.3</ele><time>2026-01-01T08:22:18Z</time><extensions><gpxtpx:TrackPointExtension><gpxtpx:hr>134</gpxtpx:hr></gpxtpx:TrackPointExtension></extensions></trkpt>
    <trkpt lat="47.600681" lon="-122.337775"><ele>53.2</ele><time>2026-01-01T08:22:21Z</time><extensions><gpxtpx:TrackPointExtension><gpxtpx:hr>138</gpxtpx:hr></gpxtpx:TrackPointExtension></extensions></trkpt>
    <trkpt lat="47.600734" lon="-122.337855"><ele>52.8</ele><time>2026-01-01T08:22:24Z</time><extensions><gpxtpx:TrackPointExtension><gpxtpx:hr>135</gpxtpx:hr></gpxtpx:TrackPointExtension></extensions></trkpt>
    <trkpt lat="47.600788" lon="-122.337934"><ele>52.5</ele><time>2026-01-01T08:22:27Z</time><extensions><gpxtpx:TrackPointExtension><gpxtpx:hr>137</gpxtpx:hr></gpxtpx:TrackPointExtension></extensions></trkpt>
    <trkpt lat="47.600843" lon="-122.338014"><ele>52.4</ele><time>2026-01-01T08:22:30Z</time><extensions><gpxtpx:TrackPointExtension><gpxtpx:hr>133</gpxtpx:hr></gpxtpx:TrackPointExtension></extensions></trkpt>
    <trkpt lat="47.600898" lon="-122.338092"><ele>52.3</ele><time>2026-01-01T08:22:33Z</time><extensions><gpxtpx:TrackPointExtension><gpxtpx:hr>134</gpxtpx:hr></gpxtpx:TrackPointExtension></extensions></trkpt>
    <trkpt lat="47.600954" lon="-122.338172"><ele>52.7</ele><time>2026-01-01T08:22:36Z</time><extensions><gpxtpx:TrackPointExtension><gpxtpx:hr>135</gpxtpx:hr></gpxtpx:TrackPointExtension></extensions></trkpt>
    <trkpt lat="47.601009" lon="-122.338249"><ele>52.6</ele><time>2026-01-01T08:22:39Z</time><extensions><gpxtpx:TrackPointExtension><gpxtpx:hr>133</gpxtpx:hr></gpxtpx:TrackPointExtension></extensions></trkpt>
    <trkpt lat="47.601061" lon="-122.338321"><ele>52.2</ele><time>2026-01-01T08:22:42Z</time><extensions><gpxtpx:TrackPointExtension><gpxtpx:hr>134</gpxtpx:hr></gpxtpx:TrackPointExtension></extensions></trkpt>
    <trkpt lat="47.601117" lon="-122.338398"><ele>52.2</ele><time>2026-01-01T08:22:45Z</time><extensions><gpxtpx:TrackPointExtension><gpxtpx:hr>134</gpxtpx:hr></gpxtpx:TrackPointExtension></extensions></trkpt>
    <trkpt lat="47.601174" lon="-122.338475"><ele>52.3</ele><time>2026-01-01T08:22:48Z</time><extensions><gpxtpx:TrackPointExtension><gpxtpx:hr>133</gpxtpx:hr></gpxtpx:TrackPointExtension></extensions></trkpt>
    <trkpt lat="47.601227" lon="-122.338546"><ele>52.1</ele><time>2026-01-01T08:22:51Z</time><extensions><gpxtpx:TrackPointExtension><gpxtpx:hr>136</gpxtpx:hr></gpxtpx:TrackPointExtension></extensions></trkpt>
    <trkpt lat="47.601281" lon="-122.338618"><ele>52.3</ele><time>2026-01-01T08:22:54Z</time><extensions><gpxtpx:TrackPointExtension><gpxtpx:hr>132</gpxtpx:hr></gpxtpx:TrackPointExtension></extensions></trkpt>
    <trkpt lat="47.601341" lon="-122.338697"><ele>52.3</ele><time>2026-01-01T08:22:57Z</time><extensions><gpxtpx:TrackPointExtension><gpxtpx:hr>133</gpxtpx:hr></gpxtpx:TrackPointExtension></extensions></trkpt>
    <trkpt lat="47.601396" lon="-122.338768"><ele>52.0</ele><time>2026-01-01T08:23:00Z</time><extensions><gpxtpx:TrackPointExtension><gpxtpx:hr>133</gpxtpx:hr></gpxtpx:TrackPointExtension></extensions></trkpt>
    <trkpt lat="47.601453" lon="-122.338842"><ele>51.7</ele><time>2026-01-01T08:23:03Z</time><extensions><gpxtpx:TrackPointExtension><gpxtpx:hr>138</gpxtpx:hr></gpxtpx:TrackPointExtension></extensions></trkpt>
    <trkpt lat="47.601511" lon="-122.338916"><ele>52.0</ele><time>2026-01-01T08:23:06Z</time><extensions><gpxtpx:TrackPointExtension><gpxtpx:hr>137</gpxtpx:hr></gpxtpx:TrackPointExtension></extensions></trkpt>
    <trkpt lat="47.601572" lon="-122.338993"><ele>52.1</ele><time>2026-01-01T08:23:09Z</time><extensions><gpxtpx:TrackPointExtension><gpxtpx:hr>135</gpxtpx:hr></gpxtpx:TrackPointExtension></extensions></trkpt>
    <trkpt lat="47.601633" lon="-122.339069"><ele>52.0</ele><time>2026-01-01T08:23:12Z</time><extensions><gpxtpx:TrackPointExtension><gpxtpx:hr>138</gpxtpx:hr></gpxtpx:TrackPointExtension></extensions></trkpt>
    <trkpt lat="47.601693" lon="-122.339143"><ele>51.9</ele><time>2026-01-01T08:23:15Z</time><extensions><gpxtpx:TrackPointExtension><gpxtpx:hr>134</gpxtpx:hr></gpxtpx:TrackPointExtension></extensions></trkpt>
    <trkpt lat="47.601748" lon="-122.339211"><ele>51.3</ele><time>2026-01-01T08:23:18Z</time><extensions><gpxtpx:TrackPointExtension><gpxtpx:hr>138</gpxtpx:hr></gpxtpx:TrackPointExtension></extensions></trkpt>
    <trkpt lat="47.601811" lon="-122.339286"><ele>51.2</ele><time>2026-01-01T08:23:21Z</time><extensions><gpxtpx:TrackPointExtension><gpxtpx:hr>137</gpxtpx:hr></gpxtpx:TrackPointExtension></extensions></trkpt>
    <trkpt lat="47.601873" lon="-122.33936"><ele>51.2</ele><time>2026-01-01T08:23:24Z</time><extensions><gpxtpx:TrackPointExtension><gpxtpx:hr>135</gpxtpx:hr></gpxtpx:TrackPointExtension></extensions></trkpt>
    <trkpt lat="47.601934" lon="-122.339433"><ele>51.4</ele><time>2026-01-01T08:23:27Z</time><extensions><gpxtpx:TrackPointExtension><gpxtpx:hr>135</gpxtpx:hr></gpxtpx:TrackPointExtension></extensions></trkpt>
    <trkpt lat="47.601997" lon="-122.339506"><ele>51.0</ele><time>2026-01-01T08:23:30Z</time><extensions><gpxtpx:TrackPointExtension><gpxtpx:hr>136</gpxtpx:hr></gpxtpx:TrackPointExtension></extensions></trkpt>
    <trkpt lat="47.602053" lon="-122.339572"><ele>50.9</ele><time>2026-01-01T08:23:33Z</time><extensions><gpxtpx:TrackPointExtension><gpxtpx:hr>135</gpxtpx:hr></gpxtpx:TrackPointExtension></extensions></trkpt>
    <trkpt lat="47.602113" lon="-122.339641"><ele>51.2</ele><time>2026-01-01T08:23:36Z</time><extensions><gpxtpx:TrackPointExtension><gpxtpx:hr>133</gpxtpx:hr></gpxtpx:TrackPointExtension></extensions></trkpt>
    <trkpt lat="47.602176" lon="-122.339713"><ele>50.9</ele><time>2026-01-01T08:23:39Z</time><extensions><gpxtpx:TrackPointExtension><gpxtpx:hr>133</gpxtpx:hr></gpxtpx:TrackPointExtension></extensions></trkpt>
    <trkpt lat="47.602233" lon="-122.339777"><ele>50.9</ele><time>2026-01-01T08:23:42Z</time><extensions><gpxtpx:TrackPointExtension><gpxtpx:hr>135</gpxtpx:hr></gpxtpx:TrackPointExtension></extensions></trkpt>
    <trkpt lat="47.602295" lon="-122.339847"><ele>51.3</ele><time>2026-01-01T08:23:45Z</time><extensions><gpxtpx:TrackPointExtension><gpxtpx:hr>135</gpxtpx:hr></gpxtpx:TrackPointExtension></extensions></trkpt>
    <trkpt lat="47.602354" lon="-122.339911"><ele>50.6</ele><time>2026-01-01T08:23:48Z</time><extensions><gpxtpx:TrackPointExtension><gpxtpx:hr>133</gpxtpx:hr></gpxtpx:TrackPointExtension></extensions></trkpt>
    <trkpt lat="47.602411" lon="-122.339974"><ele>50.5</ele><time>2026-01-01T08:23:51Z</time><extensions><gpxtpx:TrackPointExtension><gpxtpx:hr>132</gpxtpx:hr></gpxtpx:TrackPointExtension></extensions></trkpt>
    <trkpt lat="47.602474" lon="-122.340043"><ele>50.5</ele><time>2026-01-01T08:23:54Z</time><extensions><gpxtpx:TrackPointExtension><gpxtpx:hr>136</gpxtpx:hr></gpxtpx:TrackPointExtension></extensions></trkpt>
    <trkpt lat="47.602534" lon="-122.340106"><ele>50.4</ele><time>2026-01-01T08:23:57Z</time><extensions><gpxtpx:TrackPointExtension><gpxtpx:hr>134</gpxtpx:hr></gpxtpx:TrackPointExtension></extensions></trkpt>
    <trkpt lat="47.602595" lon="-122.340172"><ele>50.7</ele><time>2026-01-01T08:24:00Z</time><extensions><gpxtpx:TrackPointExtension><gpxtpx:hr>132</gpxtpx:hr></gpxtpx:TrackPointExtension></extensions></trkpt>
    <trkpt lat="47.602658" lon="-122.340238"><ele>50.8</ele><time>2026-01-01T08:24:03Z</time><extensions><gpxtpx:TrackPointExtension><gpxtpx:hr>135</gpxtpx:hr></gpxtpx:TrackPointExtension></extensions></trkpt>
    <trkpt lat="47.602723" lon="-122.340306"><ele>50.7</ele><time>2026-01-01T08:24:06Z</time><extensions><gpxtpx:TrackPointExtension><gpxtpx:hr>135</gpxtpx:hr></gpxtpx:TrackPointExtension></extensions></trkpt>
    <trkpt lat="47.602788" lon="-122.340374"><ele>50.1</ele><time>2026-01-01T08:24:09Z</time><extensions><gpxtpx:TrackPointExtension><gpxtpx:hr>135</gpxtpx:hr></gpxtpx:TrackPointExtension></extensions></trkpt>
    <trkpt lat="47.602853" lon="-122.34044"><ele>50.1</ele><time>2026-01-01T08:24:12Z</time><extensions><gpxtpx:TrackPointExtension><gpxtpx:hr>133</gpxtpx:hr></gpxtpx:TrackPointExtension></extensions></trkpt>
    <trkpt lat="47.602918" lon="-122.340506"><ele>49.8</ele><time>2026-01-01T08:24:15Z</time><extensions><gpxtpx:TrackPointExtension><gpxtpx:hr>136</gpxtpx:hr></gpxtpx:TrackPointExtension></extensions></trkpt>
    <trkpt lat="47.602983" lon="-122.340571"><ele>50.1</ele><time>2026-01-01T08:24:18Z</time><extensions><gpxtpx:TrackPointExtension><gpxtpx:hr>136</gpxtpx:hr></gpxtpx:TrackPointExtension></extensions></trkpt>
    <trkpt lat="47.603047" lon="-122.340635"><ele>50.0</ele><time>2026-01-01T08:24:21Z</time><extensions><gpxtpx:TrackPointExtension><gpxtpx:hr>134</gpxtpx:hr></gpxtpx:TrackPointExtension></extensions></trkpt>
    <trkpt lat="47.603105" lon="-122.340692"><ele>49.7</ele><time>2026-01-01T08:24:24Z</time><extensions><gpxtpx:TrackPointExtension><gpxtpx:hr>137</gpxtpx:hr></gpxtpx:TrackPointExtension></extensions></trkpt>
    <trkpt lat="47.603173" lon="-122.340758"><ele>49.9</ele><time>2026-01-01T08:24:27Z</time><extensions><gpxtpx:TrackPointExtension><gpxtpx:hr>134</gpxtpx:hr></gpxtpx:TrackPointExtension></extensions></trkpt>
    <trkpt lat="47.603237" lon="-122.340821"><ele>50.2</ele><time>2026-01-01T08:24:30Z</time><extensions><gpxtpx:TrackPointExtension><gpxtpx:hr>138</gpxtpx:hr></gpxtpx:TrackPointExtension></extensions></trkpt>
    <trkpt lat="47.603299" lon="-122.34088"><ele>49.6</ele><time>2026-01-01T08:24:33Z</time><extensions><gpxtpx:TrackPointExtension><gpxtpx:hr>139</gpxtpx:hr></gpxtpx:TrackPointExtension></extensions></trkpt>
    <trkpt lat="47.603362" lon="-122.34094"><ele>49.9</ele><time>2026-01-01T08:24:36Z</time><extensions><gpxtpx:TrackPointExtension><gpxtpx:hr>133</gpxtpx:hr></gpxtpx:TrackPointExtension></extensions></trkpt>
    <trkpt lat="47.603426" lon="-122.341001"><ele>49.5</ele><time>2026-01-01T08:24:39Z</time><extensions><gpxtpx:TrackPointExtension><gpxtpx:hr>135</gpxtpx:hr></gpxtpx:TrackPointExtension></extensions></trkpt>
    <trkpt lat="47.60349" lon="-122.341061"><ele>49.9</ele><time>2026-01-01T08:24:42Z</time><extensions><gpxtpx:TrackPointExtension><gpxtpx:hr>139</gpxtpx:hr></gpxtpx:TrackPointExtension></extensions></trkpt>
    <trkpt lat="47.603555" lon="-122.341121"><ele>49.1</ele><time>2026-01-01T08:24:45Z</time><extensions><gpxtpx:TrackPointExtension><gpxtpx:hr>138</gpxtpx:hr></gpxtpx:TrackPointExtension></extensions></trkpt>
    <trkpt lat="47.603618" lon="-122.341179"><ele>49.1</ele><time>2026-01-01T08:24:48Z</time><extensions><gpxtpx:TrackPointExtension><gpxtpx:hr>139</gpxtpx:hr></gpxtpx:TrackPointExtension></extensions></trkpt>
    <trkpt lat="47.603679" lon="-122.341234"><ele>48.9</ele><time>2026-01-01T08:24:51Z</time><extensions><gpxtpx:TrackPointExtension><gpxtpx:hr>136</gpxtpx:hr></gpxtpx:TrackPointExtension></extensions></trkpt>
    <trkpt lat="47.60374" lon="-122.341289"><ele>49.1</ele><time>2026-01-01T08:24:54Z</time><extensions><gpxtpx:TrackPointExtension><gpxtpx:hr>136</gpxtpx:hr></gpxtpx:TrackPointExtension></extensions></trkpt>
    <trkpt lat="47.603804" lon="-122.341347"><ele>49.1</ele><time>2026-01-01T08:24:57Z</time><extensions><gpxtpx:TrackPointExtension><gpxtpx:hr>139</gpxtpx:hr></gpxtpx:TrackPointExtension></extensions></trkpt>
    <trkpt lat="47.60387" lon="-122.341405"><ele>49.0</ele><time>2026-01-01T08:25:00Z</time><extensions><gpxtpx:TrackPointExtension><gpxtpx:hr>136</gpxtpx:hr></gpxtpx:TrackPointExtension></extensions></trkpt>
    <trkpt lat="47.603932" lon="-122.34146"><ele>48.7</ele><time>2026-01-01T08:25:03Z</time><extensions><gpxtpx:TrackPointExtension><gpxtpx:hr>137</gpxtpx:hr></gpxtpx:TrackPointExtension></extensions></trkpt>
    <trkpt lat="47.604" lon="-122.341519"><ele>48.6</ele><time>2026-01-01T08:25:06Z</time><extensions><gpxtpx:TrackPointExtension><gpxtpx:hr>137</gpxtpx:hr></gpxtpx:TrackPointExtension></extensions></trkpt>
    <trkpt lat="47.604067" lon="-122.341577"><ele>48.5</ele><time>2026-01-01T08:25:09Z</time><extensions><gpxtpx:TrackPointExtension><gpxtpx:hr>136</gpxtpx:hr></gpxtpx:TrackPointExtension></extensions></trkpt>
    <trkpt lat="47.604128" lon="-122.34163"><ele>49.0</ele><time>2026-01-01T08:25:12Z</time><extensions><gpxtpx:TrackPointExtension><gpxtpx:hr>135</gpxtpx:hr></gpxtpx:TrackPointExtension></extensions></trkpt>
    <trkpt lat="47.604189" lon="-122.341682"><ele>48.5</ele><time>2026-01-01T08:25:15Z</time><extensions><gpxtpx:TrackPointExtension><gpxtpx:hr>134</gpxtpx:hr></gpxtpx:TrackPointExtension></extensions></trkpt>
    <trkpt lat="47.604258" lon="-122.34174"><ele>48.9</ele><time>2026-01-01T08:25:18Z</time><extensions><gpxtpx:TrackPointExtension><gpxtpx:hr>134</gpxtpx:hr></gpxtpx:TrackPointExtension></extensions></trkpt>
    <trkpt lat="47.604325" lon="-122.341796"><ele>48.4</ele><time>2026-01-01T08:25:21Z</time><extensions><gpxtpx:TrackPointExtension><gpxtpx:hr>135</gpxtpx:hr></gpxtpx:TrackPointExtension></extensions></trkpt>
    <trkpt lat="47.604391" lon="-122.341851"><ele>48.1</ele><time>2026-01-01T08:25:24Z</time><extensions><gpxtpx:TrackPointExtension><gpxtpx:hr>138</gpxtpx:hr></gpxtpx:TrackPointExtension></extensions></trkpt>
    <trkpt lat="47.604456" lon="-122.341905"><ele>48.5</ele><time>2026-01-01T08:25:27Z</time><extensions><gpxtpx:TrackPointExtension><gpxtpx:hr>136</gpxtpx:hr></gpxtpx:TrackPointExtension></extensions></trkpt>
    <trkpt lat="47.604521" lon="-122.341957"><ele>48.3</ele><time>2026-01-01T08:25:30Z</time><extensions><gpxtpx:TrackPointExtension><gpxtpx:hr>134</gpxtpx:hr></gpxtpx:TrackPointExtension></extensions></trkpt>
    <trkpt lat="47.604586" lon="-122.34201"><ele>47.7</ele><time>2026-01-01T08:25:33Z</time><extensions><gpxtpx:TrackPointExtension><gpxtpx:hr>135</gpxtpx:hr></gpxtpx:TrackPointExtension></extensions></trkpt>
    <trkpt lat="47.604656" lon="-122.342067"><ele>48.1</ele><time>2026-01-01T08:25:36Z</time><extensions><gpxtpx:TrackPointExtension><gpxtpx:hr>134</gpxtpx:hr></gpxtpx:TrackPointExtension></extensions></trkpt>
    <trkpt lat="47.60472" lon="-122.342118"><ele>48.2</ele><time>2026-01-01T08:25:39Z</time><extensions><gpxtpx:TrackPointExtension><gpxtpx:hr>137</gpxtpx:hr></gpxtpx:TrackPointExtension></extensions></trkpt>
    <trkpt lat="47.604789" lon="-122.342172"><ele>47.6</ele><time>2026-01-01T08:25:42Z</time><extensions><gpxtpx:TrackPointExtension><gpxtpx:hr>136</gpxtpx:hr></gpxtpx:TrackPointExtension></extensions></trkpt>
    <trkpt lat="47.604857" lon="-122.342226"><ele>47.8</ele><time>2026-01-01T08:25:45Z</time><extensions><gpxtpx:TrackPointExtension><gpxtpx:hr>135</gpxtpx:hr></gpxtpx:TrackPointExtension></extensions></trkpt>
    <trkpt lat="47.604928" lon="-122.34228"><ele>47.5</ele><time>2026-01-01T08:25:48Z</time><extensions><gpxtpx:TrackPointExtension><gpxtpx:hr>140</gpxtpx:hr></gpxtpx:TrackPointExtension></extensions></trkpt>
    <trkpt lat="47.604993" lon="-122.342331"><ele>47.6</ele><time>2026-01-01T08:25:51Z</time><extensions><gpxtpx:TrackPointExtension><gpxtpx:hr>135</gpxtpx:hr></gpxtpx:TrackPointExtension></extensions></trkpt>
    <trkpt lat="47.605063" lon="-122.342384"><ele>47.2</ele><time>2026-01-01T08:25:54Z</time><extensions><gpxtpx:TrackPointExtension><gpxtpx:hr>137</gpxtpx:hr></gpxtpx:TrackPointExtension></extensions></trkpt>
    <trkpt lat="47.605134" lon="-122.342439"><ele>47.4</ele><time>2026-01-01T08:25:57Z</time><extensions><gpxtpx:TrackPointExtension><gpxtpx:hr>138</gpxtpx:hr></gpxtpx:TrackPointExtension></extensions></trkpt>
    <trkpt lat="47.605203" lon="-122.342491"><ele>47.4</ele><time>2026-01-01T08:26:00Z</time><extensions><gpxtpx:TrackPointExtension><gpxtpx:hr>139</gpxtpx:hr></gpxtpx:TrackPointExtension></extensions></trkpt>
    <trkpt lat="47.605274" lon="-122.342544"><ele>47.2</ele><time>2026-01-01T08:26:03Z</time><extensions><gpxtpx:TrackPointExtension><gpxtpx:hr>141</gpxtpx:hr></gpxtpx:TrackPointExtension></extensions></trkpt>
    <trkpt lat="47.605344" lon="-122.342596"><ele>47.1</ele><time>2026-01-01T08:26:06Z</time><extensions><gpxtpx:TrackPointExtension><gpxtpx:hr>138</gpxtpx:hr></gpxtpx:TrackPointExtension></extensions></trkpt>
    <trkpt lat="47.605413" lon="-122.342647"><ele>46.9</ele><time>2026-01-01T08:26:09Z</time><extensions><gpxtpx:TrackPointExtension><gpxtpx:hr>137</gpxtpx:hr></gpxtpx:TrackPointExtension></extensions></trkpt>
    <trkpt lat="47.605481" lon="-122.342697"><ele>47.4</ele><time>2026-01-01T08:26:12Z</time><extensions><gpxtpx:TrackPointExtension><gpxtpx:hr>140</gpxtpx:hr></gpxtpx:TrackPointExtension></extensions></trkpt>
    <trkpt lat="47.60555" lon="-122.342747"><ele>46.9</ele><time>2026-01-01T08:26:15Z</time><extensions><gpxtpx:TrackPointExtension><gpxtpx:hr>136</gpxtpx:hr></gpxtpx:TrackPointExtension></extensions></trkpt>
    <trkpt lat="47.605617" lon="-122.342796"><ele>46.8</ele><time>2026-01-01T08:26:18Z</time><extensions><gpxtpx:TrackPointExtension><gpxtpx:hr>142</gpxtpx:hr></gpxtpx:TrackPointExtension></extensions></trkpt>
    <trkpt lat="47.605688" lon="-122.342847"><ele>46.4</ele><time>2026-01-01T08:26:21Z</time><extensions><gpxtpx:TrackPointExtension><gpxtpx:hr>139</gpxtpx:hr></gpxtpx:TrackPointExtension></extensions></trkpt>
    <trkpt lat="47.605757" lon="-122.342896"><ele>46.7</ele><time>2026-01-01T08:26:24Z</time><extensions><gpxtpx:TrackPointExtension><gpxtpx:hr>137</gpxtpx:hr></gpxtpx:TrackPointExtension></extensions></trkpt>
    <trkpt lat="47.605824" lon="-122.342943"><ele>46.8</ele><time>2026-01-01T08:26:27Z</time><extensions><gpxtpx:TrackPointExtension><gpxtpx:hr>142</gpxtpx:hr></gpxtpx:TrackPointExtension></extensions></trkpt>
    <trkpt lat="47.605897" lon="-122.342994"><ele>46.6</ele><time>2026-01-01T08:26:30Z</time><extensions><gpxtpx:TrackPointExtension><gpxtpx:hr>141</gpxtpx:hr></gpxtpx:TrackPointExtension></extensions></trkpt>
    <trkpt lat="47.605963" lon="-122.343041"><ele>46.2</ele><time>2026-01-01T08:26:33Z</time><extensions><gpxtpx:TrackPointExtension><gpxtpx:hr>141</gpxtpx:hr></gpxtpx:TrackPointExtension></extensions></trkpt>
    <trkpt lat="47.606029" lon="-122.343086"><ele>45.9</ele><time>2026-01-01T08:26:36Z</time><extensions><gpxtpx:TrackPointExtension><gpxtpx:hr>141</gpxtpx:hr></gpxtpx:TrackPointExtension></extensions></trkpt>
    <trkpt lat="47.606096" lon="-122.343132"><ele>45.8</ele><time>2026-01-01T08:26:39Z</time><extensions><gpxtpx:TrackPointExtension><gpxtpx:hr>139</gpxtpx:hr></gpxtpx:TrackPointExtension></extensions></trkpt>
    <trkpt lat="47.606161" lon="-122.343177"><ele>45.8</ele><time>2026-01-01T08:26:42Z</time><extensions><gpxtpx:TrackPointExtension><gpxtpx:hr>137</gpxtpx:hr></gpxtpx:TrackPointExtension></extensions></trkpt>
    <trkpt lat="47.60623" lon="-122.343224"><ele>45.8</ele><time>2026-01-01T08:26:45Z</time><extensions><gpxtpx:TrackPointExtension><gpxtpx:hr>142</gpxtpx:hr></gpxtpx:TrackPointExtension></extensions></trkpt>
    <trkpt lat="47.606294" lon="-122.343267"><ele>45.7</ele><time>2026-01-01T08:26:48Z</time><extensions><gpxtpx:TrackPointExtension><gpxtpx:hr>140</gpxtpx:hr></gpxtpx:TrackPointExtension></extensions></trkpt>
    <trkpt lat="47.606367" lon="-122.343316"><ele>45.6</ele><time>2026-01-01T08:26:51Z</time><extensions><gpxtpx:TrackPointExtension><gpxtpx:hr>143</gpxtpx:hr></gpxtpx:TrackPointExtension></extensions></trkpt>
    <trkpt lat="47.606438" lon="-122.343363"><ele>46.0</ele><time>2026-01-01T08:26:54Z</time><extensions><gpxtpx:TrackPointExtension><gpxtpx:hr>140</gpxtpx:hr></gpxtpx:TrackPointExtension></extensions></trkpt>
    <trkpt lat="47.606505" lon="-122.343408"><ele>45.3</ele><time>2026-01-01T08:26:57Z</time><extensions><gpxtpx:TrackPointExtension><gpxtpx:hr>143</gpxtpx:hr></gpxtpx:TrackPointExtension></extensions></trkpt>
    <trkpt lat="47.606575" lon="-122.343454"><ele>45.7</ele><time>2026-01-01T08:27:00Z</time><extensions><gpxtpx:TrackPointExtension><gpxtpx:hr>138</gpxtpx:hr></gpxtpx:TrackPointExtension></extensions></trkpt>
    <trkpt lat="47.606643" lon="-122.343499"><ele>45.6</ele><time>2026-01-01T08:27:03Z</time><extensions><gpxtpx:TrackPointExtension><gpxtpx:hr>140</gpxtpx:hr></gpxtpx:TrackPointExtension></extensions></trkpt>
    <trkpt lat="47.60671" lon="-122.343542"><ele>45.5</ele><time>2026-01-01T08:27:06Z</time><extensions><gpxtpx:TrackPointExtension><gpxtpx:hr>143</gpxtpx:hr></gpxtpx:TrackPointExtension></extensions></trkpt>
    <trkpt lat="47.606781" lon="-122.343588"><ele>45.3</ele><time>2026-01-01T08:27:09Z</time><extensions><gpxtpx:TrackPointExtension><gpxtpx:hr>138</gpxtpx:hr></gpxtpx:TrackPointExtension></extensions></trkpt>
    <trkpt lat="47.606853" lon="-122.343634"><ele>45.5</ele><time>2026-01-01T08:27:12Z</time><extensions><gpxtpx:TrackPointExtension><gpxtpx:hr>144</gpxtpx:hr></gpxtpx:TrackPointExtension></extensions></trkpt>
    <trkpt lat="47.60692" lon="-122.343677"><ele>45.5</ele><time>2026-01-01T08:27:15Z</time><extensions><gpxtpx:TrackPointExtension><gpxtpx:hr>138</gpxtpx:hr></gpxtpx:TrackPointExtension></extensions></trkpt>
    <trkpt lat="47.60699" lon="-122.343722"><ele>45.3</ele><time>2026-01-01T08:27:18Z</time><extensions><gpxtpx:TrackPointExtension><gpxtpx:hr>138</gpxtpx:hr></gpxtpx:TrackPointExtension></extensions></trkpt>
    <trkpt lat="47.607064" lon="-122.343768"><ele>45.2</ele><time>2026-01-01T08:27:21Z</time><extensions><gpxtpx:TrackPointExtension><gpxtpx:hr>138</gpxtpx:hr></gpxtpx:TrackPointExtension></extensions></trkpt>
    <trkpt lat="47.607138" lon="-122.343815"><ele>45.1</ele><time>2026-01-01T08:27:24Z</time><extensions><gpxtpx:TrackPointExtension><gpxtpx:hr>141</gpxtpx:hr></gpxtpx:TrackPointExtension></extensions></trkpt>
    <trkpt lat="47.60721" lon="-122.34386"><ele>45.0</ele><time>2026-01-01T08:27:27Z</time><extensions><gpxtpx:TrackPointExtension><gpxtpx:hr>143</gpxtpx:hr></gpxtpx:TrackPointExtension></extensions></trkpt>
    <trkpt lat="47.60728" lon="-122.343903"><ele>45.1</ele><time>2026-01-01T08:27:30Z</time><extensions><gpxtpx:TrackPointExtension><gpxtpx:hr>143</gpxtpx:hr></gpxtpx:TrackPointExtension></extensions></trkpt>
    <trkpt lat="47.607347" lon="-122.343944"><ele>44.2</ele><time>2026-01-01T08:27:33Z</time><extensions><gpxtpx:TrackPointExtension><gpxtpx:hr>144</gpxtpx:hr></gpxtpx:TrackPointExtension></extensions></trkpt>
    <trkpt lat="47.607413" lon="-122.343985"><ele>44.1</ele><time>2026-01-01T08:27:36Z</time><extensions><gpxtpx:TrackPointExtension><gpxtpx:hr>142</gpxtpx:hr></gpxtpx:TrackPointExtension></extensions></trkpt>
    <trkpt lat="47.607486" lon="-122.34403"><ele>44.1</ele><time>2026-01-01T08:27:39Z</time><extensions><gpxtpx:TrackPointExtension><gpxtpx:hr>141</gpxtpx:hr></gpxtpx:TrackPointExtension></extensions></trkpt>
    <trkpt lat="47.607556" lon="-122.344072"><ele>44.6</ele><time>2026-01-01T08:27:42Z</time><extensions><gpxtpx:TrackPointExtension><gpxtpx:hr>141</gpxtpx:hr></gpxtpx:TrackPointExtension></extensions></trkpt>
    <trkpt lat="47.607625" lon="-122.344114"><ele>44.6</ele><time>2026-01-01T08:27:45Z</time><extensions><gpxtpx:TrackPointExtension><gpxtpx:hr>140</gpxtpx:hr></gpxtpx:TrackPointExtension></extensions></trkpt>
    <trkpt lat="47.607699" lon="-122.344159"><ele>43.9</ele><time>2026-01-01T08:27:48Z</time><extensions><gpxtpx:TrackPointExtension><gpxtpx:hr>140</gpxtpx:hr></gpxtpx:TrackPointExtension></extensions></trkpt>
    <trkpt lat="47.60777" lon="-122.344202"><ele>44.1</ele><time>2026-01-01T08:27:51Z</time><extensions><gpxtpx:TrackPointExtension><gpxtpx:hr>145</gpxtpx:hr></gpxtpx:TrackPointExtension></extensions></trkpt>
    <trkpt lat="47.607839" lon="-122.344243"><ele>44.0</ele><time>2026-01-01T08:27:54Z</time><extensions><gpxtpx:TrackPointExtension><gpxtpx:hr>146</gpxtpx:hr></gpxtpx:TrackPointExtension></extensions></trkpt>
    <trkpt lat="47.60791" lon="-122.344285"><ele>43.6</ele><time>2026-01-01T08:27:57Z</time><extensions><gpxtpx:TrackPointExtension><gpxtpx:hr>141</gpxtpx:hr></gpxtpx:TrackPointExtension></extensions></trkpt>
    <trkpt lat="47.607982" lon="-122.344327"><ele>44.1</ele><time>2026-01-01T08:28:00Z</time><extensions><gpxtpx:TrackPointExtension><gpxtpx:hr>142</gpxtpx:hr></gpxtpx:TrackPointExtension></extensions></trkpt>
    <trkpt lat="47.608047" lon="-122.344366"><ele>43.4</ele><time>2026-01-01T08:28:03Z</time><extensions><gpxtpx:TrackPointExtension><gpxtpx:hr>144</gpxtpx:hr></gpxtpx:TrackPointExtension></extensions></trkpt>
    <trkpt lat="47.608117" lon="-122.344407"><ele>43.9</ele><time>2026-01-01T08:28:06Z</time><extensions><gpxtpx:TrackPointExtension><gpxtpx:hr>140</gpxtpx:hr></gpxtpx:TrackPointExtension></extensions></trkpt>
    <trkpt lat="47.608188" lon="-122.344449"><ele>43.4</ele><time>2026-01-01T08:28:09Z</time><extensions><gpxtpx:TrackPointExtension><gpxtpx:hr>144</gpxtpx:hr></gpxtpx:TrackPointExtension></extensions></trkpt>
    <trkpt lat="47.608262" lon="-122.344491"><ele>43.3</ele><time>2026-01-01T08:28:12Z</time><extensions><gpxtpx:TrackPointExtension><gpxtpx:hr>144</gpxtpx:hr></gpxtpx:TrackPointExtension></extensions></trkpt>
    <trkpt lat="47.608336" lon="-122.344535"><ele>43.0</ele><time>2026-01-01T08:28:15Z</time><extensions><gpxtpx:TrackPointExtension><gpxtpx:hr>145</gpxtpx:hr></gpxtpx:TrackPointExtension></extensions></trkpt>
    <trkpt lat="47.60841" lon="-122.344577"><ele>43.4</ele><time>2026-01-01T08:28:18Z</time><extensions><gpxtpx:TrackPointExtension><gpxtpx:hr>143</gpxtpx:hr></gpxtpx:TrackPointExtension></extensions></trkpt>
    <trkpt lat="47.608484" lon="-122.34462"><ele>42.9</ele><time>2026-01-01T08:28:21Z</time><extensions><gpxtpx:TrackPointExtension><gpxtpx:hr>146</gpxtpx:hr></gpxtpx:TrackPointExtension></extensions></trkpt>
    <trkpt lat="47.608553" lon="-122.344659"><ele>43.1</ele><time>2026-01-01T08:28:24Z</time><extensions><gpxtpx:TrackPointExtension><gpxtpx:hr>141</gpxtpx:hr></gpxtpx:TrackPointExtension></extensions></trkpt>
    <trkpt lat="47.608628" lon="-122.344702"><ele>42.5</ele><time>2026-01-01T08:28:27Z</time><extensions><gpxtpx:TrackPointExtension><gpxtpx:hr>142</gpxtpx:hr></gpxtpx:TrackPointExtension></extensions></trkpt>
    <trkpt lat="47.608694" lon="-122.34474"><ele>43.2</ele><time>2026-01-01T08:28:30Z</time><extensions><gpxtpx:TrackPointExtension><gpxtpx:hr>147</gpxtpx:hr></gpxtpx:TrackPointExtension></extensions></trkpt>
    <trkpt lat="47.608764" lon="-122.344779"><ele>42.8</ele><time>2026-01-01T08:28:33Z</time><extensions><gpxtpx:TrackPointExtension><gpxtpx:hr>146</gpxtpx:hr></gpxtpx:TrackPointExtension></extensions></trkpt>
    <trkpt lat="47.608835" lon="-122.344819"><ele>42.6</ele><time>2026-01-01T08:28:36Z</time><extensions><gpxtpx:TrackPointExtension><gpxtpx:hr>141</gpxtpx:hr></gpxtpx:TrackPointExtension></extensions></trkpt>
    <trkpt lat="47.60891" lon="-122.344861"><ele>42.3</ele><time>2026-01-01T08:28:39Z</time><extensions><gpxtpx:TrackPointExtension><gpxtpx:hr>145</gpxtpx:hr></gpxtpx:TrackPointExtension></extensions></trkpt>
    <trkpt lat="47.608981" lon="-122.344902"><ele>42.2</ele><time>2026-01-01T08:28:42Z</time><extensions><gpxtpx:TrackPointExtension><gpxtpx:hr>147</gpxtpx:hr></gpxtpx:TrackPointExtension></extensions></trkpt>
    <trkpt lat="47.609053" lon="-122.344942"><ele>42.3</ele><time>2026-01-01T08:28:45Z</time><extensions><gpxtpx:TrackPointExtension><gpxtpx:hr>147</gpxtpx:hr></gpxtpx:TrackPointExtension></extensions></trkpt>
    <trkpt lat="47.609124" lon="-122.344982"><ele>42.2</ele><time>2026-01-01T08:28:48Z</time><extensions><gpxtpx:TrackPointExtension><gpxtpx:hr>143</gpxtpx:hr></gpxtpx:TrackPointExtension></extensions></trkpt>
    <trkpt lat="47.609197" lon="-122.345022"><ele>42.5</ele><time>2026-01-01T08:28:51Z</time><extensions><gpxtpx:TrackPointExtension><gpxtpx:hr>146</gpxtpx:hr></gpxtpx:TrackPointExtension></extensions></trkpt>
    <trkpt lat="47.609265" lon="-122.34506"><ele>42.2</ele><time>2026-01-01T08:28:54Z</time><extensions><gpxtpx:TrackPointExtension><gpxtpx:hr>144</gpxtpx:hr></gpxtpx:TrackPointExtension></extensions></trkpt>
    <trkpt lat="47.609337" lon="-122.3451"><ele>41.7</ele><time>2026-01-01T08:28:57Z</time><extensions><gpxtpx:TrackPointExtension><gpxtpx:hr>148</gpxtpx:hr></gpxtpx:TrackPointExtension></extensions></trkpt>
    <trkpt lat="47.609403" lon="-122.345137"><ele>42.1</ele><time>2026-01-01T08:29:00Z</time><extensions><gpxtpx:TrackPointExtension><gpxtpx:hr>144</gpxtpx:hr></gpxtpx:TrackPointExtension></extensions></trkpt>
    <trkpt lat="47.609473" lon="-122.345175"><ele>41.6</ele><time>2026-01-01T08:29:03Z</time><extensions><gpxtpx:TrackPointExtension><gpxtpx:hr>147</gpxtpx:hr></gpxtpx:TrackPointExtension></extensions></trkpt>
    <trkpt lat="47.609547" lon="-122.345216"><ele>41.7</ele><time>2026-01-01T08:29:06Z</time><extensions><gpxtpx:TrackPointExtension><gpxtpx:hr>144</gpxtpx:hr></gpxtpx:TrackPointExtension></extensions></trkpt>
    <trkpt lat="47.609621" lon="-122.345256"><ele>41.6</ele><time>2026-01-01T08:29:09Z</time><extensions><gpxtpx:TrackPointExtension><gpxtpx:hr>148</gpxtpx:hr></gpxtpx:TrackPointExtension></extensions></trkpt>
    <trkpt lat="47.609694" lon="-122.345296"><ele>41.2</ele><time>2026-01-01T08:29:12Z</time><extensions><gpxtpx:TrackPointExtension><gpxtpx:hr>148</gpxtpx:hr></gpxtpx:TrackPointExtension></extensions></trkpt>
    <trkpt lat="47.609763" lon="-122.345334"><ele>41.8</ele><time>2026-01-01T08:29:15Z</time><extensions><gpxtpx:TrackPointExtension><gpxtpx:hr>148</gpxtpx:hr></gpxtpx:TrackPointExtension></extensions></trkpt>
    <trkpt lat="47.609835" lon="-122.345373"><ele>41.3</ele><time>2026-01-01T08:29:18Z</time><extensions><gpxtpx:TrackPointExtension><gpxtpx:hr>145</gpxtpx:hr></gpxtpx:TrackPointExtension></extensions></trkpt>
    <trkpt lat="47.609907" lon="-122.345413"><ele>41.1</ele><time>2026-01-01T08:29:21Z</time><extensions><gpxtpx:TrackPointExtension><gpxtpx:hr>148</gpxtpx:hr></gpxtpx:TrackPointExtension></extensions></trkpt>
    <trkpt lat="47.609981" lon="-122.345453"><ele>41.2</ele><time>2026-01-01T08:29:24Z</time><extensions><gpxtpx:TrackPointExtension><gpxtpx:hr>149</gpxtpx:hr></gpxtpx:TrackPointExtension></extensions></trkpt>
    <trkpt lat="47.610049" lon="-122.34549"><ele>40.8</ele><time>2026-01-01T08:29:27Z</time><extensions><gpxtpx:TrackPointExtension><gpxtpx:hr>147</gpxtpx:hr></gpxtpx:TrackPointExtension></extensions></trkpt>
    <trkpt lat="47.610119" lon="-122.345528"><ele>41.1</ele><time>2026-01-01T08:29:30Z</time><extensions><gpxtpx:TrackPointExtension><gpxtpx:hr>144</gpxtpx:hr></gpxtpx:TrackPointExtension></extensions></trkpt>
    <trkpt lat="47.61019" lon="-122.345567"><ele>40.8</ele><time>2026-01-01T08:29:33Z</time><extensions><gpxtpx:TrackPointExtension><gpxtpx:hr>149</gpxtpx:hr></gpxtpx:TrackPointExtension></extensions></trkpt>
    <trkpt lat="47.610256" lon="-122.345602"><ele>40.8</ele><time>2026-01-01T08:29:36Z</time><extensions><gpxtpx:TrackPointExtension><gpxtpx:hr>144</gpxtpx:hr></gpxtpx:TrackPointExtension></extensions></trkpt>
    <trkpt lat="47.610327" lon="-122.345641"><ele>40.8</ele><time>2026-01-01T08:29:39Z</time><extensions><gpxtpx:TrackPointExtension><gpxtpx:hr>147</gpxtpx:hr></gpxtpx:TrackPointExtension></extensions></trkpt>
    <trkpt lat="47.610396" lon="-122.345678"><ele>40.7</ele><time>2026-01-01T08:29:42Z</time><extensions><gpxtpx:TrackPointExtension><gpxtpx:hr>147</gpxtpx:hr></gpxtpx:TrackPointExtension></extensions></trkpt>
    <trkpt lat="47.610462" lon="-122.345714"><ele>40.3</ele><time>2026-01-01T08:29:45Z</time><extensions><gpxtpx:TrackPointExtension><gpxtpx:hr>146</gpxtpx:hr></gpxtpx:TrackPointExtension></extensions></trkpt>
    <trkpt lat="47.610537" lon="-122.345754"><ele>40.4</ele><time>2026-01-01T08:29:48Z</time><extensions><gpxtpx:TrackPointExtension><gpxtpx:hr>149</gpxtpx:hr></gpxtpx:TrackPointExtension></extensions></trkpt>
    <trkpt lat="47.610608" lon="-122.345792"><ele>40.3</ele><time>2026-01-01T08:29:51Z</time><extensions><gpxtpx:TrackPointExtension><gpxtpx:hr>149</gpxtpx:hr></gpxtpx:TrackPointExtension></extensions></trkpt>
    <trkpt lat="47.610677" lon="-122.34583"><ele>39.8</ele><time>2026-01-01T08:29:54Z</time><extensions><gpxtpx:TrackPointExtension><gpxtpx:hr>148</gpxtpx:hr></gpxtpx:TrackPointExtension></extensions></trkpt>
    <trkpt lat="47.61075" lon="-122.345869"><ele>39.9</ele><time>2026-01-01T08:29:57Z</time><extensions><gpxtpx:TrackPointExtension><gpxtpx:hr>148</gpxtpx:hr></gpxtpx:TrackPointExtension></extensions></trkpt>
    <trkpt lat="47.610821" lon="-122.345908"><ele>40.1</ele><time>2026-01-01T08:30:00Z</time><extensions><gpxtpx:TrackPointExtension><gpxtpx:hr>147</gpxtpx:hr></gpxtpx:TrackPointExtension></extensions></trkpt>
    <trkpt lat="47.610894" lon="-122.345947"><ele>39.7</ele><time>2026-01-01T08:30:03Z</time><extensions><gpxtpx:TrackPointExtension><gpxtpx:hr>149</gpxtpx:hr></gpxtpx:TrackPointExtension></extensions></trkpt>
    <trkpt lat="47.610965" lon="-122.345985"><ele>39.8</ele><time>2026-01-01T08:30:06Z</time><extensions><gpxtpx:TrackPointExtension><gpxtpx:hr>150</gpxtpx:hr></gpxtpx:TrackPointExtension></extensions></trkpt>
    <trkpt lat="47.611032" lon="-122.346021"><ele>39.3</ele><time>2026-01-01T08:30:09Z</time><extensions><gpxtpx:TrackPointExtension><gpxtpx:hr>146</gpxtpx:hr></gpxtpx:TrackPointExtension></extensions></trkpt>
    <trkpt lat="47.611103" lon="-122.34606"><ele>39.5</ele><time>2026-01-01T08:30:12Z</time><extensions><gpxtpx:TrackPointExtension><gpxtpx:hr>151</gpxtpx:hr></gpxtpx:TrackPointExtension></extensions></trkpt>
    <trkpt lat="47.611177" lon="-122.3461"><ele>39.9</ele><time>2026-01-01T08:30:15Z</time><extensions><gpxtpx:TrackPointExtension><gpxtpx:hr>151</gpxtpx:hr></gpxtpx:TrackPointExtension></extensions></trkpt>
    <trkpt lat="47.611245" lon="-122.346137"><ele>39.4</ele><time>2026-01-01T08:30:18Z</time><extensions><gpxtpx:TrackPointExtension><gpxtpx:hr>145</gpxtpx:hr></gpxtpx:TrackPointExtension></extensions></trkpt>
    <trkpt lat="47.61132" lon="-122.346177"><ele>39.0</ele><time>2026-01-01T08:30:21Z</time><extensions><gpxtpx:TrackPointExtension><gpxtpx:hr>147</gpxtpx:hr></gpxtpx:TrackPointExtension></extensions></trkpt>
    <trkpt lat="47.611396" lon="-122.346218"><ele>38.9</ele><time>2026-01-01T08:30:24Z</time><extensions><gpxtpx:TrackPointExtension><gpxtpx:hr>149</gpxtpx:hr></gpxtpx:TrackPointExtension></extensions></trkpt>
    <trkpt lat="47.611465" lon="-122.346256"><ele>39.0</ele><time>2026-01-01T08:30:27Z</time><extensions><gpxtpx:TrackPointExtension><gpxtpx:hr>149</gpxtpx:hr></gpxtpx:TrackPointExtension></extensions></trkpt>
    <trkpt lat="47.611534" lon="-122.346293"><ele>39.0</ele><time>2026-01-01T08:30:30Z</time><extensions><gpxtpx:TrackPointExtension><gpxtpx:hr>151</gpxtpx:hr></gpxtpx:TrackPointExtension></extensions></trkpt>
    <trkpt lat="47.611603" lon="-122.346331"><ele>39.0</ele><time>2026-01-01T08:30:33Z</time><extensions><gpxtpx:TrackPointExtension><gpxtpx:hr>146</gpxtpx:hr></gpxtpx:TrackPointExtension></extensions></trkpt>
    <trkpt lat="47.611675" lon="-122.34637"><ele>38.9</ele><time>2026-01-01T08:30:36Z</time><extensions><gpxtpx:TrackPointExtension><gpxtpx:hr>152</gpxtpx:hr></gpxtpx:TrackPointExtension></extensions></trkpt>
    <trkpt lat="47.611743" lon="-122.346407"><ele>38.8</ele><time>2026-01-01T08:30:39Z</time><extensions><gpxtpx:TrackPointExtension><gpxtpx:hr>147</gpxtpx:hr></gpxtpx:TrackPointExtension></extensions></trkpt>
    <trkpt lat="47.611815" lon="-122.346447"><ele>38.6</ele><time>2026-01-01T08:30:42Z</time><extensions><gpxtpx:TrackPointExtension><gpxtpx:hr>151</gpxtpx:hr></gpxtpx:TrackPointExtension></extensions></trkpt>
    <trkpt lat="47.611889" lon="-122.346487"><ele>38.6</ele><time>2026-01-01T08:30:45Z</time><extensions><gpxtpx:TrackPointExtension><gpxtpx:hr>152</gpxtpx:hr></gpxtpx:TrackPointExtension></extensions></trkpt>
    <trkpt lat="47.611963" lon="-122.346527"><ele>38.7</ele><time>2026-01-01T08:30:48Z</time><extensions><gpxtpx:TrackPointExtension><gpxtpx:hr>148</gpxtpx:hr></gpxtpx:TrackPointExtension></extensions></trkpt>
    <trkpt lat="47.612033" lon="-122.346566"><ele>38.3</ele><time>2026-01-01T08:30:51Z</time><extensions><gpxtpx:TrackPointExtension><gpxtpx:hr>151</gpxtpx:hr></gpxtpx:TrackPointExtension></extensions></trkpt>
    <trkpt lat="47.612104" lon="-122.346605"><ele>38.3</ele><time>2026-01-01T08:30:54Z</time><extensions><gpxtpx:TrackPointExtension><gpxtpx:hr>148</gpxtpx:hr></gpxtpx:TrackPointExtension></extensions></trkpt>
    <trkpt lat="47.612176" lon="-122.346645"><ele>38.0</ele><time>2026-01-01T08:30:57Z</time><extensions><gpxtpx:TrackPointExtension><gpxtpx:hr>149</gpxtpx:hr></gpxtpx:TrackPointExtension></extensions></trkpt>
    <trkpt lat="47.612243" lon="-122.346682"><ele>37.9</ele><time>2026-01-01T08:31:00Z</time><extensions><gpxtpx:TrackPointExtension><gpxtpx:hr>150</gpxtpx:hr></gpxtpx:TrackPointExtension></extensions></trkpt>
    <trkpt lat="47.612318" lon="-122.346724"><ele>38.1</ele><time>2026-01-01T08:31:03Z</time><extensions><gpxtpx:TrackPointExtension><gpxtpx:hr>148</gpxtpx:hr></gpxtpx:TrackPointExtension></extensions></trkpt>
    <trkpt lat="47.612393" lon="-122.346765"><ele>37.6</ele><time>2026-01-01T08:31:06Z</time><extensions><gpxtpx:TrackPointExtension><gpxtpx:hr>149</gpxtpx:hr></gpxtpx:TrackPointExtension></extensions></trkpt>
    <trkpt lat="47.612464" lon="-122.346804"><ele>38.2</ele><time>2026-01-01T08:31:09Z</time><extensions><gpxtpx:TrackPointExtension><gpxtpx:hr>153</gpxtpx:hr></gpxtpx:TrackPointExtension></extensions></trkpt>
    <trkpt lat="47.612532" lon="-122.346842"><ele>37.4</ele><time>2026-01-01T08:31:12Z</time><extensions><gpxtpx:TrackPointExtension><gpxtpx:hr>153</gpxtpx:hr></gpxtpx:TrackPointExtension></extensions></trkpt>
    <trkpt lat="47.612605" lon="-122.346883"><ele>37.6</ele><time>2026-01-01T08:31:15Z</time><extensions><gpxtpx:TrackPointExtension><gpxtpx:hr>148</gpxtpx:hr></gpxtpx:TrackPointExtension></extensions></trkpt>
    <trkpt lat="47.612678" lon="-122.346924"><ele>37.5</ele><time>2026-01-01T08:31:18Z</time><extensions><gpxtpx:TrackPointExtension><gpxtpx:hr>151</gpxtpx:hr></gpxtpx:TrackPointExtension></extensions></trkpt>
    <trkpt lat="47.612745" lon="-122.346962"><ele>37.6</ele><time>2026-01-01T08:31:21Z</time><extensions><gpxtpx:TrackPointExtension><gpxtpx:hr>150</gpxtpx:hr></gpxtpx:TrackPointExtension></extensions></trkpt>
    <trkpt lat="47.612815" lon="-122.347002"><ele>37.1</ele><time>2026-01-01T08:31:24Z</time><extensions><gpxtpx:TrackPointExtension><gpxtpx:hr>151</gpxtpx:hr></gpxtpx:TrackPointExtension></extensions></trkpt>
    <trkpt lat="47.612889" lon="-122.347044"><ele>37.0</ele><time>2026-01-01T08:31:27Z</time><extensions><gpxtpx:TrackPointExtension><gpxtpx:hr>151</gpxtpx:hr></gpxtpx:TrackPointExtension></extensions></trkpt>
    <trkpt lat="47.612955" lon="-122.347081"><ele>37.0</ele><time>2026-01-01T08:31:30Z</time><extensions><gpxtpx:TrackPointExtension><gpxtpx:hr>152</gpxtpx:hr></gpxtpx:TrackPointExtension></extensions></trkpt>
    <trkpt lat="47.613023" lon="-122.34712"><ele>36.9</ele><time>2026-01-01T08:31:33Z</time><extensions><gpxtpx:TrackPointExtension><gpxtpx:hr>154</gpxtpx:hr></gpxtpx:TrackPointExtension></extensions></trkpt>
    <trkpt lat="47.61309" lon="-122.347159"><ele>37.3</ele><time>2026-01-01T08:31:36Z</time><extensions><gpxtpx:TrackPointExtension><gpxtpx:hr>154</gpxtpx:hr></gpxtpx:TrackPointExtension></extensions></trkpt>
    <trkpt lat="47.613164" lon="-122.347201"><ele>36.9</ele><time>2026-01-01T08:31:39Z</time><extensions><gpxtpx:TrackPointExtension><gpxtpx:hr>152</gpxtpx:hr></gpxtpx:TrackPointExtension></extensions></trkpt>
    <trkpt lat="47.613238" lon="-122.347244"><ele>37.0</ele><time>2026-01-01T08:31:42Z</time><extensions><gpxtpx:TrackPointExtension><gpxtpx:hr>153</gpxtpx:hr></gpxtpx:TrackPointExtension></extensions></trkpt>
    <trkpt lat="47.613311" lon="-122.347286"><ele>36.6</ele><time>2026-01-01T08:31:45Z</time><extensions><gpxtpx:TrackPointExtension><gpxtpx:hr>152</gpxtpx:hr></gpxtpx:TrackPointExtension></extensions></trkpt>
    <trkpt lat="47.613379" lon="-122.347325"><ele>37.0</ele><time>2026-01-01T08:31:48Z</time><extensions><gpxtpx:TrackPointExtension><gpxtpx:hr>153</gpxtpx:hr></gpxtpx:TrackPointExtension></extensions></trkpt>
    <trkpt lat="47.613448" lon="-122.347366"><ele>36.5</ele><time>2026-01-01T08:31:51Z</time><extensions><gpxtpx:TrackPointExtension><gpxtpx:hr>150</gpxtpx:hr></gpxtpx:TrackPointExtension></extensions></trkpt>
    <trkpt lat="47.613522" lon="-122.347409"><ele>36.6</ele><time>2026-01-01T08:31:54Z</time><extensions><gpxtpx:TrackPointExtension><gpxtpx:hr>152</gpxtpx:hr></gpxtpx:TrackPointExtension></extensions></trkpt>
    <trkpt lat="47.613589" lon="-122.347449"><ele>36.3</ele><time>2026-01-01T08:31:57Z</time><extensions><gpxtpx:TrackPointExtension><gpxtpx:hr>150</gpxtpx:hr></gpxtpx:TrackPointExtension></extensions></trkpt>
    <trkpt lat="47.613658" lon="-122.34749"><ele>36.5</ele><time>2026-01-01T08:32:00Z</time><extensions><gpxtpx:TrackPointExtension><gpxtpx:hr>153</gpxtpx:hr></gpxtpx:TrackPointExtension></extensions></trkpt>
    <trkpt lat="47.613729" lon="-122.347532"><ele>36.5</ele><time>2026-01-01T08:32:03Z</time><extensions><gpxtpx:TrackPointExtension><gpxtpx:hr>152</gpxtpx:hr></gpxtpx:TrackPointExtension></extensions></trkpt>
    <trkpt lat="47.613796" lon="-122.347572"><ele>35.9</ele><time>2026-01-01T08:32:06Z</time><extensions><gpxtpx:TrackPointExtension><gpxtpx:hr>150</gpxtpx:hr></gpxtpx:TrackPointExtension></extensions></trkpt>
    <trkpt lat="47.613868" lon="-122.347615"><ele>36.0</ele><time>2026-01-01T08:32:09Z</time><extensions><gpxtpx:TrackPointExtension><gpxtpx:hr>153</gpxtpx:hr></gpxtpx:TrackPointExtension></extensions></trkpt>
    <trkpt lat="47.61394" lon="-122.347659"><ele>36.0</ele><time>2026-01-01T08:32:12Z</time><extensions><gpxtpx:TrackPointExtension><gpxtpx:hr>154</gpxtpx:hr></gpxtpx:TrackPointExtension></extensions></trkpt>
    <trkpt lat="47.614015" lon="-122.347704"><ele>36.2</ele><time>2026-01-01T08:32:15Z</time><extensions><gpxtpx:TrackPointExtension><gpxtpx:hr>151</gpxtpx:hr></gpxtpx:TrackPointExtension></extensions></trkpt>
    <trkpt lat="47.614085" lon="-122.347747"><ele>35.5</ele><time>2026-01-01T08:32:18Z</time><extensions><gpxtpx:TrackPointExtension><gpxtpx:hr>153</gpxtpx:hr></gpxtpx:TrackPointExtension></extensions></trkpt>
    <trkpt lat="47.614156" lon="-122.34779"><ele>35.6</ele><time>2026-01-01T08:32:21Z</time><extensions><gpxtpx:TrackPointExtension><gpxtpx:hr>153</gpxtpx:hr></gpxtpx:TrackPointExtension></extensions></trkpt>
    <trkpt lat="47.614224" lon="-122.347832"><ele>35.9</ele><time>2026-01-01T08:32:24Z</time><extensions><gpxtpx:TrackPointExtension><gpxtpx:hr>151</gpxtpx:hr></gpxtpx:TrackPointExtension></extensions></trkpt>
    <trkpt lat="47.614297" lon="-122.347877"><ele>35.1</ele><time>2026-01-01T08:32:27Z</time><extensions><gpxtpx:TrackPointExtension><gpxtpx:hr>157</gpxtpx:hr></gpxtpx:TrackPointExtension></extensions></trkpt>
    <trkpt lat="47.614362" lon="-122.347917"><ele>35.1</ele><time>2026-01-01T08:32:30Z</time><extensions><gpxtpx:TrackPointExtension><gpxtpx:hr>151</gpxtpx:hr></gpxtpx:TrackPointExtension></extensions></trkpt>
    <trkpt lat="47.614428" lon="-122.347959"><ele>35.5</ele><time>2026-01-01T08:32:33Z</time><extensions><gpxtpx:TrackPointExtension><gpxtpx:hr>154</gpxtpx:hr></gpxtpx:TrackPointExtension></extensions></trkpt>
    <trkpt lat="47.614494" lon="-122.348"><ele>35.3</ele><time>2026-01-01T08:32:36Z</time><extensions><gpxtpx:TrackPointExtension><gpxtpx:hr>153</gpxtpx:hr></gpxtpx:TrackPointExtension></extensions></trkpt>
    <trkpt lat="47.614567" lon="-122.348046"><ele>35.5</ele><time>2026-01-01T08:32:39Z</time><extensions><gpxtpx:TrackPointExtension><gpxtpx:hr>154</gpxtpx:hr></gpxtpx:TrackPointExtension></extensions></trkpt>
    <trkpt lat="47.614632" lon="-122.348088"><ele>34.7</ele><time>2026-01-01T08:32:42Z</time><extensions><gpxtpx:TrackPointExtension><gpxtpx:hr>157</gpxtpx:hr></gpxtpx:TrackPointExtension></extensions></trkpt>
    <trkpt lat="47.614705" lon="-122.348134"><ele>34.7</ele><time>2026-01-01T08:32:45Z</time><extensions><gpxtpx:TrackPointExtension><gpxtpx:hr>158</gpxtpx:hr></gpxtpx:TrackPointExtension></extensions></trkpt>
    <trkpt lat="47.614774" lon="-122.348179"><ele>34.8</ele><time>2026-01-01T08:32:48Z</time><extensions><gpxtpx:TrackPointExtension><gpxtpx:hr>157</gpxtpx:hr></gpxtpx:TrackPointExtension></extensions></trkpt>
    <trkpt lat="47.614844" lon="-122.348224"><ele>34.6</ele><time>2026-01-01T08:32:51Z</time><extensions><gpxtpx:TrackPointExtension><gpxtpx:hr>152</gpxtpx:hr></gpxtpx:TrackPointExtension></extensions></trkpt>
    <trkpt lat="47.614916" lon="-122.348271"><ele>34.4</ele><time>2026-01-01T08:32:54Z</time><extensions><gpxtpx:TrackPointExtension><gpxtpx:hr>153</gpxtpx:hr></gpxtpx:TrackPointExtension></extensions></trkpt>
    <trkpt lat="47.61499" lon="-122.348319"><ele>34.5</ele><time>2026-01-01T08:32:57Z</time><extensions><gpxtpx:TrackPointExtension><gpxtpx:hr>155</gpxtpx:hr></gpxtpx:TrackPointExtension></extensions></trkpt>
    <trkpt lat="47.615062" lon="-122.348367"><ele>34.3</ele><time>2026-01-01T08:33:00Z</time><extensions><gpxtpx:TrackPointExtension><gpxtpx:hr>156</gpxtpx:hr></gpxtpx:TrackPointExtension></extensions></trkpt>
    <trkpt lat="47.615129" lon="-122.348411"><ele>34.5</ele><time>2026-01-01T08:33:03Z</time><extensions><gpxtpx:TrackPointExtension><gpxtpx:hr>157</gpxtpx:hr></gpxtpx:TrackPointExtension></extensions></trkpt>
    <trkpt lat="47.615203" lon="-122.34846"><ele>34.2</ele><time>2026-01-01T08:33:06Z</time><extensions><gpxtpx:TrackPointExtension><gpxtpx:hr>154</gpxtpx:hr></gpxtpx:TrackPointExtension></extensions></trkpt>
    <trkpt lat="47.615276" lon="-122.348509"><ele>34.1</ele><time>2026-01-01T08:33:09Z</time><extensions><gpxtpx:TrackPointExtension><gpxtpx:hr>153</gpxtpx:hr></gpxtpx:TrackPointExtension></extensions></trkpt>
    <trkpt lat="47.615344" lon="-122.348555"><ele>33.9</ele><time>2026-01-01T08:33:12Z</time><extensions><gpxtpx:TrackPointExtension><gpxtpx:hr>153</gpxtpx:hr></gpxtpx:TrackPointExtension></extensions></trkpt>
    <trkpt lat="47.615416" lon="-122.348604"><ele>33.9</ele><time>2026-01-01T08:33:15Z</time><extensions><gpxtpx:TrackPointExtension><gpxtpx:hr>155</gpxtpx:hr></gpxtpx:TrackPointExtension></extensions></trkpt>
    <trkpt lat="47.615482" lon="-122.34865"><ele>33.9</ele><time>2026-01-01T08:33:18Z</time><extensions><gpxtpx:TrackPointExtension><gpxtpx:hr>153</gpxtpx:hr></gpxtpx:TrackPointExtension></extensions></trkpt>
    <trkpt lat="47.615548" lon="-122.348695"><ele>33.8</ele><time>2026-01-01T08:33:21Z</time><extensions><gpxtpx:TrackPointExtension><gpxtpx:hr>157</gpxtpx:hr></gpxtpx:TrackPointExtension></extensions></trkpt>
    <trkpt lat="47.615619" lon="-122.348744"><ele>34.1</ele><time>2026-01-01T08:33:24Z</time><extensions><gpxtpx:TrackPointExtension><gpxtpx:hr>158</gpxtpx:hr></gpxtpx:TrackPointExtension></extensions></trkpt>
    <trkpt lat="47.615688" lon="-122.348793"><ele>33.8</ele><time>2026-01-01T08:33:27Z</time><extensions><gpxtpx:TrackPointExtension><gpxtpx:hr>154</gpxtpx:hr></gpxtpx:TrackPointExtension></extensions></trkpt>
    <trkpt lat="47.615752" lon="-122.348838"><ele>33.2</ele><time>2026-01-01T08:33:30Z</time><extensions><gpxtpx:TrackPointExtension><gpxtpx:hr>159</gpxtpx:hr></gpxtpx:TrackPointExtension></extensions></trkpt>
    <trkpt lat="47.615821" lon="-122.348886"><ele>33.7</ele><time>2026-01-01T08:33:33Z</time><extensions><gpxtpx:TrackPointExtension><gpxtpx:hr>154</gpxtpx:hr></gpxtpx:TrackPointExtension></extensions></trkpt>
    <trkpt lat="47.61589" lon="-122.348935"><ele>33.7</ele><time>2026-01-01T08:33:36Z</time><extensions><gpxtpx:TrackPointExtension><gpxtpx:hr>159</gpxtpx:hr></gpxtpx:TrackPointExtension></extensions></trkpt>
    <trkpt lat="47.61596" lon="-122.348986"><ele>33.5</ele><time>2026-01-01T08:33:39Z</time><extensions><gpxtpx:TrackPointExtension><gpxtpx:hr>155</gpxtpx:hr></gpxtpx:TrackPointExtension></extensions></trkpt>
    <trkpt lat="47.616025" lon="-122.349033"><ele>33.1</ele><time>2026-01-01T08:33:42Z</time><extensions><gpxtpx:TrackPointExtension><gpxtpx:hr>158</gpxtpx:hr></gpxtpx:TrackPointExtension></extensions></trkpt>
    <trkpt lat="47.616093" lon="-122.349082"><ele>33.4</ele><time>2026-01-01T08:33:45Z</time><extensions><gpxtpx:TrackPointExtension><gpxtpx:hr>156</gpxtpx:hr></gpxtpx:TrackPointExtension></extensions></trkpt>
    <trkpt lat="47.616164" lon="-122.349134"><ele>32.8</ele><time>2026-01-01T08:33:48Z</time><extensions><gpxtpx:TrackPointExtension><gpxtpx:hr>155</gpxtpx:hr></gpxtpx:TrackPointExtension></extensions></trkpt>
    <trkpt lat="47.616234" lon="-122.349186"><ele>32.6</ele><time>2026-01-01T08:33:51Z</time><extensions><gpxtpx:TrackPointExtension><gpxtpx:hr>155</gpxtpx:hr></gpxtpx:TrackPointExtension></extensions></trkpt>
    <trkpt lat="47.616303" lon="-122.349238"><ele>33.0</ele><time>2026-01-01T08:33:54Z</time><extensions><gpxtpx:TrackPointExtension><gpxtpx:hr>160</gpxtpx:hr></gpxtpx:TrackPointExtension></extensions></trkpt>
    <trkpt lat="47.616371" lon="-122.349289"><ele>32.8</ele><time>2026-01-01T08:33:57Z</time><extensions><gpxtpx:TrackPointExtension><gpxtpx:hr>155</gpxtpx:hr></gpxtpx:TrackPointExtension></extensions></trkpt>
    <trkpt lat="47.61644" lon="-122.34934"><ele>32.7</ele><time>2026-01-01T08:34:00Z</time><extensions><gpxtpx:TrackPointExtension><gpxtpx:hr>161</gpxtpx:hr></gpxtpx:TrackPointExtension></extensions></trkpt>
    <trkpt lat="47.61651" lon="-122.349394"><ele>32.4</ele><time>2026-01-01T08:34:03Z</time><extensions><gpxtpx:TrackPointExtension><gpxtpx:hr>161</gpxtpx:hr></gpxtpx:TrackPointExtension></extensions></trkpt>
    <trkpt lat="47.616574" lon="-122.349443"><ele>32.5</ele><time>2026-01-01T08:34:06Z</time><extensions><gpxtpx:TrackPointExtension><gpxtpx:hr>158</gpxtpx:hr></gpxtpx:TrackPointExtension></extensions></trkpt>
    <trkpt lat="47.616641" lon="-122.349495"><ele>32.2</ele><time>2026-01-01T08:34:09Z</time><extensions><gpxtpx:TrackPointExtension><gpxtpx:hr>161</gpxtpx:hr></gpxtpx:TrackPointExtension></extensions></trkpt>
    <trkpt lat="47.616708" lon="-122.349547"><ele>32.4</ele><time>2026-01-01T08:34:12Z</time><extensions><gpxtpx:TrackPointExtension><gpxtpx:hr>161</gpxtpx:hr></gpxtpx:TrackPointExtension></extensions></trkpt>
    <trkpt lat="47.616771" lon="-122.349597"><ele>32.6</ele><time>2026-01-01T08:34:15Z</time><extensions><gpxtpx:TrackPointExtension><gpxtpx:hr>157</gpxtpx:hr></gpxtpx:TrackPointExtension></extensions></trkpt>
    <trkpt lat="47.616838" lon="-122.349649"><ele>32.2</ele><time>2026-01-01T08:34:18Z</time><extensions><gpxtpx:TrackPointExtension><gpxtpx:hr>155</gpxtpx:hr></gpxtpx:TrackPointExtension></extensions></trkpt>
    <trkpt lat="47.616904" lon="-122.349702"><ele>32.1</ele><time>2026-01-01T08:34:21Z</time><extensions><gpxtpx:TrackPointExtension><gpxtpx:hr>158</gpxtpx:hr></gpxtpx:TrackPointExtension></extensions></trkpt>
    <trkpt lat="47.616969" lon="-122.349754"><ele>32.0</ele><time>2026-01-01T08:34:24Z</time><extensions><gpxtpx:TrackPointExtension><gpxtpx:hr>161</gpxtpx:hr></gpxtpx:TrackPointExtension></extensions></trkpt>
    <trkpt lat="47.617036" lon="-122.349808"><ele>31.8</ele><time>2026-01-01T08:34:27Z</time><extensions><gpxtpx:TrackPointExtension><gpxtpx:hr>157</gpxtpx:hr></gpxtpx:TrackPointExtension></extensions></trkpt>
    <trkpt lat="47.617102" lon="-122.349862"><ele>31.9</ele><time>2026-01-01T08:34:30Z</time><extensions><gpxtpx:TrackPointExtension><gpxtpx:hr>157</gpxtpx:hr></gpxtpx:TrackPointExtension></extensions></trkpt>
    <trkpt lat="47.61717" lon="-122.349918"><ele>31.7</ele><time>2026-01-01T08:34:33Z</time><extensions><gpxtpx:TrackPointExtension><gpxtpx:hr>157</gpxtpx:hr></gpxtpx:TrackPointExtension></extensions></trkpt>
    <trkpt lat="47.617233" lon="-122.34997"><ele>31.6</ele><time>2026-01-01T08:34:36Z</time><extensions><gpxtpx:TrackPointExtension><gpxtpx:hr>160</gpxtpx:hr></gpxtpx:TrackPointExtension></extensions></trkpt>
    <trkpt lat="47.617296" lon="-122.350023"><ele>31.4</ele><time>2026-01-01T08:34:39Z</time><extensions><gpxtpx:TrackPointExtension><gpxtpx:hr>160</gpxtpx:hr></gpxtpx:TrackPointExtension></extensions></trkpt>
    <trkpt lat="47.617365" lon="-122.350082"><ele>31.1</ele><time>2026-01-01T08:34:42Z</time><extensions><gpxtpx:TrackPointExtension><gpxtpx:hr>160</gpxtpx:hr></gpxtpx:TrackPointExtension></extensions></trkpt>
    <trkpt lat="47.617433" lon="-122.350139"><ele>31.8</ele><time>2026-01-01T08:34:45Z</time><extensions><gpxtpx:TrackPointExtension><gpxtpx:hr>158</gpxtpx:hr></gpxtpx:TrackPointExtension></extensions></trkpt>
    <trkpt lat="47.617497" lon="-122.350195"><ele>31.5</ele><time>2026-01-01T08:34:48Z</time><extensions><gpxtpx:TrackPointExtension><gpxtpx:hr>156</gpxtpx:hr></gpxtpx:TrackPointExtension></extensions></trkpt>
    <trkpt lat="47.617566" lon="-122.350255"><ele>31.3</ele><time>2026-01-01T08:34:51Z</time><extensions><gpxtpx:TrackPointExtension><gpxtpx:hr>156</gpxtpx:hr></gpxtpx:TrackPointExtension></extensions></trkpt>
    <trkpt lat="47.617632" lon="-122.350312"><ele>31.4</ele><time>2026-01-01T08:34:54Z</time><extensions><gpxtpx:TrackPointExtension><gpxtpx:hr>159</gpxtpx:hr></gpxtpx:TrackPointExtension></extensions></trkpt>
    <trkpt lat="47.617695" lon="-122.350367"><ele>31.4</ele><time>2026-01-01T08:34:57Z</time><extensions><gpxtpx:TrackPointExtension><gpxtpx:hr>160</gpxtpx:hr></gpxtpx:TrackPointExtension></extensions></trkpt>
    <trkpt lat="47.61776" lon="-122.350425"><ele>31.2</ele><time>2026-01-01T08:35:00Z</time><extensions><gpxtpx:TrackPointExtension><gpxtpx:hr>162</gpxtpx:hr></gpxtpx:TrackPointExtension></extensions></trkpt>
    <trkpt lat="47.617821" lon="-122.35048"><ele>31.3</ele><time>2026-01-01T08:35:03Z</time><extensions><gpxtpx:TrackPointExtension><gpxtpx:hr>161</gpxtpx:hr></gpxtpx:TrackPointExtension></extensions></trkpt>
    <trkpt lat="47.617885" lon="-122.350538"><ele>30.5</ele><time>2026-01-01T08:35:06Z</time><extensions><gpxtpx:TrackPointExtension><gpxtpx:hr>162</gpxtpx:hr></gpxtpx:TrackPointExtension></extensions></trkpt>
    <trkpt lat="47.617949" lon="-122.350596"><ele>31.0</ele><time>2026-01-01T08:35:09Z</time><extensions><gpxtpx:TrackPointExtension><gpxtpx:hr>162</gpxtpx:hr></gpxtpx:TrackPointExtension></extensions></trkpt>
    <trkpt lat="47.618012" lon="-122.350654"><ele>30.4</ele><time>2026-01-01T08:35:12Z</time><extensions><gpxtpx:TrackPointExtension><gpxtpx:hr>158</gpxtpx:hr></gpxtpx:TrackPointExtension></extensions></trkpt>
    <trkpt lat="47.618073" lon="-122.35071"><ele>30.5</ele><time>2026-01-01T08:35:15Z</time><extensions><gpxtpx:TrackPointExtension><gpxtpx:hr>162</gpxtpx:hr></gpxtpx:TrackPointExtension></extensions></trkpt>
    <trkpt lat="47.618137" lon="-122.35077"><ele>30.8</ele><time>2026-01-01T08:35:18Z</time><extensions><gpxtpx:TrackPointExtension><gpxtpx:hr>158</gpxtpx:hr></gpxtpx:TrackPointExtension></extensions></trkpt>
    <trkpt lat="47.618202" lon="-122.350832"><ele>30.1</ele><time>2026-01-01T08:35:21Z</time><extensions><gpxtpx:TrackPointExtension><gpxtpx:hr>159</gpxtpx:hr></gpxtpx:TrackPointExtension></extensions></trkpt>
    <trkpt lat="47.618261" lon="-122.350888"><ele>30.7</ele><time>2026-01-01T08:35:24Z</time><extensions><gpxtpx:TrackPointExtension><gpxtpx:hr>162</gpxtpx:hr></gpxtpx:TrackPointExtension></extensions></trkpt>
    <trkpt lat="47.618328" lon="-122.350952"><ele>30.0</ele><time>2026-01-01T08:35:27Z</time><extensions><gpxtpx:TrackPointExtension><gpxtpx:hr>163</gpxtpx:hr></gpxtpx:TrackPointExtension></extensions></trkpt>
    <trkpt lat="47.618389" lon="-122.351011"><ele>30.2</ele><time>2026-01-01T08:35:30Z</time><extensions><gpxtpx:TrackPointExtension><gpxtpx:hr>163</gpxtpx:hr></gpxtpx:TrackPointExtension></extensions></trkpt>
    <trkpt lat="47.618454" lon="-122.351075"><ele>30.2</ele><time>2026-01-01T08:35:33Z</time><extensions><gpxtpx:TrackPointExtension><gpxtpx:hr>163</gpxtpx:hr></gpxtpx:TrackPointExtension></extensions></trkpt>
    <trkpt lat="47.618521" lon="-122.351141"><ele>30.2</ele><time>2026-01-01T08:35:36Z</time><extensions><gpxtpx:TrackPointExtension><gpxtpx:hr>158</gpxtpx:hr></gpxtpx:TrackPointExtension></extensions></trkpt>
    <trkpt lat="47.618585" lon="-122.351205"><ele>29.8</ele><time>2026-01-01T08:35:39Z</time><extensions><gpxtpx:TrackPointExtension><gpxtpx:hr>163</gpxtpx:hr></gpxtpx:TrackPointExtension></extensions></trkpt>
    <trkpt lat="47.618648" lon="-122.351268"><ele>29.6</ele><time>2026-01-01T08:35:42Z</time><extensions><gpxtpx:TrackPointExtension><gpxtpx:hr>159</gpxtpx:hr></gpxtpx:TrackPointExtension></extensions></trkpt>
    <trkpt lat="47.618711" lon="-122.351333"><ele>29.7</ele><time>2026-01-01T08:35:45Z</time><extensions><gpxtpx:TrackPointExtension><gpxtpx:hr>163</gpxtpx:hr></gpxtpx:TrackPointExtension></extensions></trkpt>
    <trkpt lat="47.618771" lon="-122.351394"><ele>29.5</ele><time>2026-01-01T08:35:48Z</time><extensions><gpxtpx:TrackPointExtension><gpxtpx:hr>161</gpxtpx:hr></gpxtpx:TrackPointExtension></extensions></trkpt>
    <trkpt lat="47.618835" lon="-122.35146"><ele>29.8</ele><time>2026-01-01T08:35:51Z</time><extensions><gpxtpx:TrackPointExtension><gpxtpx:hr>158</gpxtpx:hr></gpxtpx:TrackPointExtension></extensions></trkpt>
    <trkpt lat="47.618897" lon="-122.351525"><ele>29.7</ele><time>2026-01-01T08:35:54Z</time><extensions><gpxtpx:TrackPointExtension><gpxtpx:hr>161</gpxtpx:hr></gpxtpx:TrackPointExtension></extensions></trkpt>
    <trkpt lat="47.618958" lon="-122.351589"><ele>29.6</ele><time>2026-01-01T08:35:57Z</time><extensions><gpxtpx:TrackPointExtension><gpxtpx:hr>162</gpxtpx:hr></gpxtpx:TrackPointExtension></extensions></trkpt>
    <trkpt lat="47.619023" lon="-122.351659"><ele>29.4</ele><time>2026-01-01T08:36:00Z</time><extensions><gpxtpx:TrackPointExtension><gpxtpx:hr>163</gpxtpx:hr></gpxtpx:TrackPointExtension></extensions></trkpt>
    <trkpt lat="47.619084" lon="-122.351724"><ele>29.7</ele><time>2026-01-01T08:36:03Z</time><extensions><gpxtpx:TrackPointExtension><gpxtpx:hr>163</gpxtpx:hr></gpxtpx:TrackPointExtension></extensions></trkpt>
    <trkpt lat="47.619143" lon="-122.351788"><ele>29.2</ele><time>2026-01-01T08:36:06Z</time><extensions><gpxtpx:TrackPointExtension><gpxtpx:hr>160</gpxtpx:hr></gpxtpx:TrackPointExtension></extensions></trkpt>
    <trkpt lat="47.619204" lon="-122.351855"><ele>29.6</ele><time>2026-01-01T08:36:09Z</time><extensions><gpxtpx:TrackPointExtension><gpxtpx:hr>158</gpxtpx:hr></gpxtpx:TrackPointExtension></extensions></trkpt>
    <trkpt lat="47.619267" lon="-122.351925"><ele>29.2</ele><time>2026-01-01T08:36:12Z</time><extensions><gpxtpx:TrackPointExtension><gpxtpx:hr>162</gpxtpx:hr></gpxtpx:TrackPointExtension></extensions></trkpt>
    <trkpt lat="47.619328" lon="-122.351992"><ele>29.1</ele><time>2026-01-01T08:36:15Z</time><extensions><gpxtpx:TrackPointExtension><gpxtpx:hr>162</gpxtpx:hr></gpxtpx:TrackPointExtension></extensions></trkpt>
    <trkpt lat="47.619388" lon="-122.352061"><ele>29.3</ele><time>2026-01-01T08:36:18Z</time><extensions><gpxtpx:TrackPointExtension><gpxtpx:hr>158</gpxtpx:hr></gpxtpx:TrackPointExtension></extensions></trkpt>
    <trkpt lat="47.619445" lon="-122.352126"><ele>28.8</ele><time>2026-01-01T08:36:21Z</time><extensions><gpxtpx:TrackPointExtension><gpxtpx:hr>160</gpxtpx:hr></gpxtpx:TrackPointExtension></extensions></trkpt>
    <trkpt lat="47.619503" lon="-122.352193"><ele>29.0</ele><time>2026-01-01T08:36:24Z</time><extensions><gpxtpx:TrackPointExtension><gpxtpx:hr>161</gpxtpx:hr></gpxtpx:TrackPointExtension></extensions></trkpt>
    <trkpt lat="47.619564" lon="-122.352263"><ele>29.0</ele><time>2026-01-01T08:36:27Z</time><extensions><gpxtpx:TrackPointExtension><gpxtpx:hr>160</gpxtpx:hr></gpxtpx:TrackPointExtension></extensions></trkpt>
    <trkpt lat="47.61962" lon="-122.352329"><ele>28.4</ele><time>2026-01-01T08:36:30Z</time><extensions><gpxtpx:TrackPointExtension><gpxtpx:hr>158</gpxtpx:hr></gpxtpx:TrackPointExtension></extensions></trkpt>
    <trkpt lat="47.619681" lon="-122.352402"><ele>28.8</ele><time>2026-01-01T08:36:33Z</time><extensions><gpxtpx:TrackPointExtension><gpxtpx:hr>163</gpxtpx:hr></gpxtpx:TrackPointExtension></extensions></trkpt>
    <trkpt lat="47.619741" lon="-122.352474"><ele>28.7</ele><time>2026-01-01T08:36:36Z</time><extensions><gpxtpx:TrackPointExtension><gpxtpx:hr>164</gpxtpx:hr></gpxtpx:TrackPointExtension></extensions></trkpt>
    <trkpt lat="47.619804" lon="-122.352549"><ele>28.4</ele><time>2026-01-01T08:36:39Z</time><extensions><gpxtpx:TrackPointExtension><gpxtpx:hr>160</gpxtpx:hr></gpxtpx:TrackPointExtension></extensions></trkpt>
    <trkpt lat="47.619866" lon="-122.352625"><ele>28.3</ele><time>2026-01-01T08:36:42Z</time><extensions><gpxtpx:TrackPointExtension><gpxtpx:hr>162</gpxtpx:hr></gpxtpx:TrackPointExtension></extensions></trkpt>
    <trkpt lat="47.619927" lon="-122.3527"><ele>28.4</ele><time>2026-01-01T08:36:45Z</time><extensions><gpxtpx:TrackPointExtension><gpxtpx:hr>158</gpxtpx:hr></gpxtpx:TrackPointExtension></extensions></trkpt>
    <trkpt lat="47.619988" lon="-122.352777"><ele>28.3</ele><time>2026-01-01T08:36:48Z</time><extensions><gpxtpx:TrackPointExtension><gpxtpx:hr>164</gpxtpx:hr></gpxtpx:TrackPointExtension></extensions></trkpt>
    <trkpt lat="47.620046" lon="-122.35285"><ele>27.9</ele><time>2026-01-01T08:36:51Z</time><extensions><gpxtpx:TrackPointExtension><gpxtpx:hr>160</gpxtpx:hr></gpxtpx:TrackPointExtension></extensions></trkpt>
    <trkpt lat="47.620107" lon="-122.352927"><ele>28.1</ele><time>2026-01-01T08:36:54Z</time><extensions><gpxtpx:TrackPointExtension><gpxtpx:hr>163</gpxtpx:hr></gpxtpx:TrackPointExtension></extensions></trkpt>
    <trkpt lat="47.620166" lon="-122.353003"><ele>27.9</ele><time>2026-01-01T08:36:57Z</time><extensions><gpxtpx:TrackPointExtension><gpxtpx:hr>161</gpxtpx:hr></gpxtpx:TrackPointExtension></extensions></trkpt>
    <trkpt lat="47.620224" lon="-122.353079"><ele>28.4</ele><time>2026-01-01T08:37:00Z</time><extensions><gpxtpx:TrackPointExtension><gpxtpx:hr>161</gpxtpx:hr></gpxtpx:TrackPointExtension></extensions></trkpt>
    <trkpt lat="47.620279" lon="-122.353151"><ele>27.6</ele><time>2026-01-01T08:37:03Z</time><extensions><gpxtpx:TrackPointExtension><gpxtpx:hr>164</gpxtpx:hr></gpxtpx:TrackPointExtension></extensions></trkpt>
    <trkpt lat="47.620335" lon="-122.353226"><ele>27.8</ele><time>2026-01-01T08:37:06Z</time><extensions><gpxtpx:TrackPointExtension><gpxtpx:hr>162</gpxtpx:hr></gpxtpx:TrackPointExtension></extensions></trkpt>
    <trkpt lat="47.620392" lon="-122.353302"><ele>27.5</ele><time>2026-01-01T08:37:09Z</time><extensions><gpxtpx:TrackPointExtension><gpxtpx:hr>159</gpxtpx:hr></gpxtpx:TrackPointExtension></extensions></trkpt>
    <trkpt lat="47.620449" lon="-122.353379"><ele>27.4</ele><time>2026-01-01T08:37:12Z</time><extensions><gpxtpx:TrackPointExtension><gpxtpx:hr>161</gpxtpx:hr></gpxtpx:TrackPointExtension></extensions></trkpt>
    <trkpt lat="47.620506" lon="-122.353458"><ele>27.8</ele><time>2026-01-01T08:37:15Z</time><extensions><gpxtpx:TrackPointExtension><gpxtpx:hr>163</gpxtpx:hr></gpxtpx:TrackPointExtension></extensions></trkpt>
    <trkpt lat="47.620557" lon="-122.353529"><ele>27.6</ele><time>2026-01-01T08:37:18Z</time><extensions><gpxtpx:TrackPointExtension><gpxtpx:hr>159</gpxtpx:hr></gpxtpx:TrackPointExtension></extensions></trkpt>
    <trkpt lat="47.62061" lon="-122.353603"><ele>27.2</ele><time>2026-01-01T08:37:21Z</time><extensions><gpxtpx:TrackPointExtension><gpxtpx:hr>158</gpxtpx:hr></gpxtpx:TrackPointExtension></extensions></trkpt>
    <trkpt lat="47.620662" lon="-122.353676"><ele>27.6</ele><time>2026-01-01T08:37:24Z</time><extensions><gpxtpx:TrackPointExtension><gpxtpx:hr>163</gpxtpx:hr></gpxtpx:TrackPointExtension></extensions></trkpt>
    <trkpt lat="47.620717" lon="-122.353756"><ele>27.0</ele><time>2026-01-01T08:37:27Z</time><extensions><gpxtpx:TrackPointExtension><gpxtpx:hr>159</gpxtpx:hr></gpxtpx:TrackPointExtension></extensions></trkpt>
    <trkpt lat="47.620774" lon="-122.353838"><ele>26.9</ele><time>2026-01-01T08:37:30Z</time><extensions><gpxtpx:TrackPointExtension><gpxtpx:hr>165</gpxtpx:hr></gpxtpx:TrackPointExtension></extensions></trkpt>
    <trkpt lat="47.620824" lon="-122.353912"><ele>26.9</ele><time>2026-01-01T08:37:33Z</time><extensions><gpxtpx:TrackPointExtension><gpxtpx:hr>161</gpxtpx:hr></gpxtpx:TrackPointExtension></extensions></trkpt>
    <trkpt lat="47.620875" lon="-122.353988"><ele>27.4</ele><time>2026-01-01T08:37:36Z</time><extensions><gpxtpx:TrackPointExtension><gpxtpx:hr>164</gpxtpx:hr></gpxtpx:TrackPointExtension></extensions></trkpt>
    <trkpt lat="47.620928" lon="-122.354067"><ele>27.0</ele><time>2026-01-01T08:37:39Z</time><extensions><gpxtpx:TrackPointExtension><gpxtpx:hr>158</gpxtpx:hr></gpxtpx:TrackPointExtension></extensions></trkpt>
    <trkpt lat="47.620983" lon="-122.354151"><ele>27.1</ele><time>2026-01-01T08:37:42Z</time><extensions><gpxtpx:TrackPointExtension><gpxtpx:hr>160</gpxtpx:hr></gpxtpx:TrackPointExtension></extensions></trkpt>
    <trkpt lat="47.621033" lon="-122.354227"><ele>26.6</ele><time>2026-01-01T08:37:45Z</time><extensions><gpxtpx:TrackPointExtension><gpxtpx:hr>163</gpxtpx:hr></gpxtpx:TrackPointExtension></extensions></trkpt>
    <trkpt lat="47.621082" lon="-122.354303"><ele>26.6</ele><time>2026-01-01T08:37:48Z</time><extensions><gpxtpx:TrackPointExtension><gpxtpx:hr>159</gpxtpx:hr></gpxtpx:TrackPointExtension></extensions></trkpt>
    <trkpt lat="47.62113" lon="-122.354379"><ele>26.7</ele><time>2026-01-01T08:37:51Z</time><extensions><gpxtpx:TrackPointExtension><gpxtpx:hr>161</gpxtpx:hr></gpxtpx:TrackPointExtension></extensions></trkpt>
    <trkpt lat="47.621182" lon="-122.354461"><ele>27.0</ele><time>2026-01-01T08:37:54Z</time><extensions><gpxtpx:TrackPointExtension><gpxtpx:hr>164</gpxtpx:hr></gpxtpx:TrackPointExtension></extensions></trkpt>
    <trkpt lat="47.621232" lon="-122.354541"><ele>26.5</ele><time>2026-01-01T08:37:57Z</time><extensions><gpxtpx:TrackPointExtension><gpxtpx:hr>158</gpxtpx:hr></gpxtpx:TrackPointExtension></extensions></trkpt>
    <trkpt lat="47.621281" lon="-122.354621"><ele>26.5</ele><time>2026-01-01T08:38:00Z</time><extensions><gpxtpx:TrackPointExtension><gpxtpx:hr>160</gpxtpx:hr></gpxtpx:TrackPointExtension></extensions></trkpt>
    <trkpt lat="47.621332" lon="-122.354706"><ele>26.7</ele><time>2026-01-01T08:38:03Z</time><extensions><gpxtpx:TrackPointExtension><gpxtpx:hr>161</gpxtpx:hr></gpxtpx:TrackPointExtension></extensions></trkpt>
    <trkpt lat="47.621381" lon="-122.354788"><ele>26.2</ele><time>2026-01-01T08:38:06Z</time><extensions><gpxtpx:TrackPointExtension><gpxtpx:hr>162</gpxtpx:hr></gpxtpx:TrackPointExtension></extensions></trkpt>
    <trkpt lat="47.621433" lon="-122.354875"><ele>26.1</ele><time>2026-01-01T08:38:09Z</time><extensions><gpxtpx:TrackPointExtension><gpxtpx:hr>161</gpxtpx:hr></gpxtpx:TrackPointExtension></extensions></trkpt>
    <trkpt lat="47.621482" lon="-122.354959"><ele>26.2</ele><time>2026-01-01T08:38:12Z</time><extensions><gpxtpx:TrackPointExtension><gpxtpx:hr>161</gpxtpx:hr></gpxtpx:TrackPointExtension></extensions></trkpt>
    <trkpt lat="47.621529" lon="-122.35504"><ele>26.1</ele><time>2026-01-01T08:38:15Z</time><extensions><gpxtpx:TrackPointExtension><gpxtpx:hr>160</gpxtpx:hr></gpxtpx:TrackPointExtension></extensions></trkpt>
    <trkpt lat="47.621578" lon="-122.355127"><ele>26.0</ele><time>2026-01-01T08:38:18Z</time><extensions><gpxtpx:TrackPointExtension><gpxtpx:hr>163</gpxtpx:hr></gpxtpx:TrackPointExtension></extensions></trkpt>
    <trkpt lat="47.621624" lon="-122.355208"><ele>26.3</ele><time>2026-01-01T08:38:21Z</time><extensions><gpxtpx:TrackPointExtension><gpxtpx:hr>158</gpxtpx:hr></gpxtpx:TrackPointExtension></extensions></trkpt>
    <trkpt lat="47.621673" lon="-122.355296"><ele>25.8</ele><time>2026-01-01T08:38:24Z</time><extensions><gpxtpx:TrackPointExtension><gpxtpx:hr>158</gpxtpx:hr></gpxtpx:TrackPointExtension></extensions></trkpt>
    <trkpt lat="47.621721" lon="-122.355383"><ele>25.7</ele><time>2026-01-01T08:38:27Z</time><extensions><gpxtpx:TrackPointExtension><gpxtpx:hr>162</gpxtpx:hr></gpxtpx:TrackPointExtension></extensions></trkpt>
    <trkpt lat="47.62177" lon="-122.355474"><ele>26.0</ele><time>2026-01-01T08:38:30Z</time><extensions><gpxtpx:TrackPointExtension><gpxtpx:hr>158</gpxtpx:hr></gpxtpx:TrackPointExtension></extensions></trkpt>
    <trkpt lat="47.621818" lon="-122.355564"><ele>25.6</ele><time>2026-01-01T08:38:33Z</time><extensions><gpxtpx:TrackPointExtension><gpxtpx:hr>161</gpxtpx:hr></gpxtpx:TrackPointExtension></extensions></trkpt>
    <trkpt lat="47.621863" lon="-122.355648"><ele>26.2</ele><time>2026-01-01T08:38:36Z</time><extensions><gpxtpx:TrackPointExtension><gpxtpx:hr>163</gpxtpx:hr></gpxtpx:TrackPointExtension></extensions></trkpt>
    <trkpt lat="47.621906" lon="-122.35573"><ele>26.2</ele><time>2026-01-01T08:38:39Z</time><extensions><gpxtpx:TrackPointExtension><gpxtpx:hr>160</gpxtpx:hr></gpxtpx:TrackPointExtension></extensions></trkpt>
    <trkpt lat="47.621949" lon="-122.355815"><ele>25.6</ele><time>2026-01-01T08:38:42Z</time><extensions><gpxtpx:TrackPointExtension><gpxtpx:hr>162</gpxtpx:hr></gpxtpx:TrackPointExtension></extensions></trkpt>
    <trkpt lat="47.621997" lon="-122.35591"><ele>25.6</ele><time>2026-01-01T08:38:45Z</time><extensions><gpxtpx:TrackPointExtension><gpxtpx:hr>158</gpxtpx:hr></gpxtpx:TrackPointExtension></extensions></trkpt>
    <trkpt lat="47.622044" lon="-122.356002"><ele>25.6</ele><time>2026-01-01T08:38:48Z</time><extensions><gpxtpx:TrackPointExtension><gpxtpx:hr>158</gpxtpx:hr></gpxtpx:TrackPointExtension></extensions></trkpt>
    <trkpt lat="47.62209" lon="-122.356095"><ele>25.8</ele><time>2026-01-01T08:38:51Z</time><extensions><gpxtpx:TrackPointExtension><gpxtpx:hr>160</gpxtpx:hr></gpxtpx:TrackPointExtension></extensions></trkpt>
    <trkpt lat="47.622136" lon="-122.35619"><ele>25.7</ele><time>2026-01-01T08:38:54Z</time><extensions><gpxtpx:TrackPointExtension><gpxtpx:hr>160</gpxtpx:hr></gpxtpx:TrackPointExtension></extensions></trkpt>
    <trkpt lat="47.622182" lon="-122.356286"><ele>25.6</ele><time>2026-01-01T08:38:57Z</time><extensions><gpxtpx:TrackPointExtension><gpxtpx:hr>160</gpxtpx:hr></gpxtpx:TrackPointExtension></extensions></trkpt>
    <trkpt lat="47.622226" lon="-122.356379"><ele>25.5</ele><time>2026-01-01T08:39:00Z</time><extensions><gpxtpx:TrackPointExtension><gpxtpx:hr>163</gpxtpx:hr></gpxtpx:TrackPointExtension></extensions></trkpt>
    <trkpt lat="47.622269" lon="-122.35647"><ele>25.0</ele><time>2026-01-01T08:39:03Z</time><extensions><gpxtpx:TrackPointExtension><gpxtpx:hr>162</gpxtpx:hr></gpxtpx:TrackPointExtension></extensions></trkpt>
    <trkpt lat="47.622309" lon="-122.356557"><ele>25.3</ele><time>2026-01-01T08:39:06Z</time><extensions><gpxtpx:TrackPointExtension><gpxtpx:hr>161</gpxtpx:hr></gpxtpx:TrackPointExtension></extensions></trkpt>
    <trkpt lat="47.622349" lon="-122.356646"><ele>25.5</ele><time>2026-01-01T08:39:09Z</time><extensions><gpxtpx:TrackPointExtension><gpxtpx:hr>160</gpxtpx:hr></gpxtpx:TrackPointExtension></extensions></trkpt>
    <trkpt lat="47.622393" lon="-122.356744"><ele>25.0</ele><time>2026-01-01T08:39:12Z</time><extensions><gpxtpx:TrackPointExtension><gpxtpx:hr>158</gpxtpx:hr></gpxtpx:TrackPointExtension></extensions></trkpt>
    <trkpt lat="47.622434" lon="-122.356837"><ele>25.5</ele><time>2026-01-01T08:39:15Z</time><extensions><gpxtpx:TrackPointExtension><gpxtpx:hr>159</gpxtpx:hr></gpxtpx:TrackPointExtension></extensions></trkpt>
    <trkpt lat="47.622478" lon="-122.356938"><ele>25.3</ele><time>2026-01-01T08:39:18Z</time><extensions><gpxtpx:TrackPointExtension><gpxtpx:hr>164</gpxtpx:hr></gpxtpx:TrackPointExtension></extensions></trkpt>
    <trkpt lat="47.622516" lon="-122.357028"><ele>25.4</ele><time>2026-01-01T08:39:21Z</time><extensions><gpxtpx:TrackPointExtension><gpxtpx:hr>160</gpxtpx:hr></gpxtpx:TrackPointExtension></extensions></trkpt>
    <trkpt lat="47.622558" lon="-122.357126"><ele>24.9</ele><time>2026-01-01T08:39:24Z</time><extensions><gpxtpx:TrackPointExtension><gpxtpx:hr>159</gpxtpx:hr></gpxtpx:TrackPointExtension></extensions></trkpt>
    <trkpt lat="47.622596" lon="-122.357217"><ele>25.1</ele><time>2026-01-01T08:39:27Z</time><extensions><gpxtpx:TrackPointExtension><gpxtpx:hr>159</gpxtpx:hr></gpxtpx:TrackPointExtension></extensions></trkpt>
    <trkpt lat="47.622637" lon="-122.357318"><ele>24.6</ele><time>2026-01-01T08:39:30Z</time><extensions><gpxtpx:TrackPointExtension><gpxtpx:hr>158</gpxtpx:hr></gpxtpx:TrackPointExtension></extensions></trkpt>
    <trkpt lat="47.622674" lon="-122.357409"><ele>25.0</ele><time>2026-01-01T08:39:33Z</time><extensions><gpxtpx:TrackPointExtension><gpxtpx:hr>163</gpxtpx:hr></gpxtpx:TrackPointExtension></extensions></trkpt>
    <trkpt lat="47.62271" lon="-122.357502"><ele>25.2</ele><time>2026-01-01T08:39:36Z</time><extensions><gpxtpx:TrackPointExtension><gpxtpx:hr>160</gpxtpx:hr></gpxtpx:TrackPointExtension></extensions></trkpt>
    <trkpt lat="47.62275" lon="-122.357603"><ele>24.7</ele><time>2026-01-01T08:39:39Z</time><extensions><gpxtpx:TrackPointExtension><gpxtpx:hr>158</gpxtpx:hr></gpxtpx:TrackPointExtension></extensions></trkpt>
    <trkpt lat="47.622786" lon="-122.357698"><ele>24.4</ele><time>2026-01-01T08:39:42Z</time><extensions><gpxtpx:TrackPointExtension><gpxtpx:hr>157</gpxtpx:hr></gpxtpx:TrackPointExtension></extensions></trkpt>
    <trkpt lat="47.622823" lon="-122.357795"><ele>24.8</ele><time>2026-01-01T08:39:45Z</time><extensions><gpxtpx:TrackPointExtension><gpxtpx:hr>162</gpxtpx:hr></gpxtpx:TrackPointExtension></extensions></trkpt>
    <trkpt lat="47.622859" lon="-122.357893"><ele>24.4</ele><time>2026-01-01T08:39:48Z</time><extensions><gpxtpx:TrackPointExtension><gpxtpx:hr>161</gpxtpx:hr></gpxtpx:TrackPointExtension></extensions></trkpt>
    <trkpt lat="47.622896" lon="-122.357994"><ele>24.7</ele><time>2026-01-01T08:39:51Z</time><extensions><gpxtpx:TrackPointExtension><gpxtpx:hr>159</gpxtpx:hr></gpxtpx:TrackPointExtension></extensions></trkpt>
    <trkpt lat="47.622929" lon="-122.358088"><ele>24.5</ele><time>2026-01-01T08:39:54Z</time><extensions><gpxtpx:TrackPointExtension><gpxtpx:hr>158</gpxtpx:hr></gpxtpx:TrackPointExtension></extensions></trkpt>
    <trkpt lat="47.622964" lon="-122.358186"><ele>24.8</ele><time>2026-01-01T08:39:57Z</time><extensions><gpxtpx:TrackPointExtension><gpxtpx:hr>160</gpxtpx:hr></gpxtpx:TrackPointExtension></extensions></trkpt>
    <trkpt lat="47.622996" lon="-122.358281"><ele>24.5</ele><time>2026-01-01T08:40:00Z</time><extensions><gpxtpx:TrackPointExtension><gpxtpx:hr>157</gpxtpx:hr></gpxtpx:TrackPointExtension></extensions></trkpt>
    <trkpt lat="47.623029" lon="-122.358376"><ele>24.6</ele><time>2026-01-01T08:40:03Z</time><extensions><gpxtpx:TrackPointExtension><gpxtpx:hr>158</gpxtpx:hr></gpxtpx:TrackPointExtension></extensions></trkpt>
    <trkpt lat="47.623062" lon="-122.358475"><ele>24.1</ele><time>2026-01-01T08:40:06Z</time><extensions><gpxtpx:TrackPointExtension><gpxtpx:hr>162</gpxtpx:hr></gpxtpx:TrackPointExtension></extensions></trkpt>
    <trkpt lat="47.623094" lon="-122.358575"><ele>24.6</ele><time>2026-01-01T08:40:09Z</time><extensions><gpxtpx:TrackPointExtension><gpxtpx:hr>161</gpxtpx:hr></gpxtpx:TrackPointExtension></extensions></trkpt>
    <trkpt lat="47.623128" lon="-122.35868"><ele>24.2</ele><time>2026-01-01T08:40:12Z</time><extensions><gpxtpx:TrackPointExtension><gpxtpx:hr>156</gpxtpx:hr></gpxtpx:TrackPointExtension></extensions></trkpt>
    <trkpt lat="47.623158" lon="-122.358775"><ele>24.0</ele><time>2026-01-01T08:40:15Z</time><extensions><gpxtpx:TrackPointExtension><gpxtpx:hr>161</gpxtpx:hr></gpxtpx:TrackPointExtension></extensions></trkpt>
    <trkpt lat="47.62319" lon="-122.35888"><ele>23.8</ele><time>2026-01-01T08:40:18Z</time><extensions><gpxtpx:TrackPointExtension><gpxtpx:hr>156</gpxtpx:hr></gpxtpx:TrackPointExtension></extensions></trkpt>
    <trkpt lat="47.623221" lon="-122.358982"><ele>24.2</ele><time>2026-01-01T08:40:21Z</time><extensions><gpxtpx:TrackPointExtension><gpxtpx:hr>156</gpxtpx:hr></gpxtpx:TrackPointExtension></extensions></trkpt>
    <trkpt lat="47.623251" lon="-122.359083"><ele>24.0</ele><time>2026-01-01T08:40:24Z</time><extensions><gpxtpx:TrackPointExtension><gpxtpx:hr>157</gpxtpx:hr></gpxtpx:TrackPointExtension></extensions></trkpt>
    <trkpt lat="47.623281" lon="-122.359185"><ele>24.4</ele><time>2026-01-01T08:40:27Z</time><extensions><gpxtpx:TrackPointExtension><gpxtpx:hr>159</gpxtpx:hr></gpxtpx:TrackPointExtension></extensions></trkpt>
    <trkpt lat="47.62331" lon="-122.35929"><ele>24.1</ele><time>2026-01-01T08:40:30Z</time><extensions><gpxtpx:TrackPointExtension><gpxtpx:hr>160</gpxtpx:hr></gpxtpx:TrackPointExtension></extensions></trkpt>
    <trkpt lat="47.623339" lon="-122.359394"><ele>23.9</ele><time>2026-01-01T08:40:33Z</time><extensions><gpxtpx:TrackPointExtension><gpxtpx:hr>158</gpxtpx:hr></gpxtpx:TrackPointExtension></extensions></trkpt>
    <trkpt lat="47.623366" lon="-122.359493"><ele>24.0</ele><time>2026-01-01T08:40:36Z</time><extensions><gpxtpx:TrackPointExtension><gpxtpx:hr>162</gpxtpx:hr></gpxtpx:TrackPointExtension></extensions></trkpt>
    <trkpt lat="47.623395" lon="-122.359602"><ele>24.0</ele><time>2026-01-01T08:40:39Z</time><extensions><gpxtpx:TrackPointExtension><gpxtpx:hr>160</gpxtpx:hr></gpxtpx:TrackPointExtension></extensions></trkpt>
    <trkpt lat="47.623424" lon="-122.359712"><ele>23.6</ele><time>2026-01-01T08:40:42Z</time><extensions><gpxtpx:TrackPointExtension><gpxtpx:hr>159</gpxtpx:hr></gpxtpx:TrackPointExtension></extensions></trkpt>
    <trkpt lat="47.62345" lon="-122.359814"><ele>23.7</ele><time>2026-01-01T08:40:45Z</time><extensions><gpxtpx:TrackPointExtension><gpxtpx:hr>160</gpxtpx:hr></gpxtpx:TrackPointExtension></extensions></trkpt>
    <trkpt lat="47.623476" lon="-122.359921"><ele>23.6</ele><time>2026-01-01T08:40:48Z</time><extensions><gpxtpx:TrackPointExtension><gpxtpx:hr>159</gpxtpx:hr></gpxtpx:TrackPointExtension></extensions></trkpt>
    <trkpt lat="47.623501" lon="-122.360023"><ele>23.9</ele><time>2026-01-01T08:40:51Z</time><extensions><gpxtpx:TrackPointExtension><gpxtpx:hr>155</gpxtpx:hr></gpxtpx:TrackPointExtension></extensions></trkpt>
    <trkpt lat="47.623525" lon="-122.360125"><ele>24.0</ele><time>2026-01-01T08:40:54Z</time><extensions><gpxtpx:TrackPointExtension><gpxtpx:hr>157</gpxtpx:hr></gpxtpx:TrackPointExtension></extensions></trkpt>
    <trkpt lat="47.623549" lon="-122.36023"><ele>23.6</ele><time>2026-01-01T08:40:57Z</time><extensions><gpxtpx:TrackPointExtension><gpxtpx:hr>158</gpxtpx:hr></gpxtpx:TrackPointExtension></extensions></trkpt>
    <trkpt lat="47.623572" lon="-122.360334"><ele>23.8</ele><time>2026-01-01T08:41:00Z</time><extensions><gpxtpx:TrackPointExtension><gpxtpx:hr>158</gpxtpx:hr></gpxtpx:TrackPointExtension></extensions></trkpt>
    <trkpt lat="47.623594" lon="-122.360433"><ele>23.1</ele><time>2026-01-01T08:41:03Z</time><extensions><gpxtpx:TrackPointExtension><gpxtpx:hr>157</gpxtpx:hr></gpxtpx:TrackPointExtension></extensions></trkpt>
    <trkpt lat="47.623616" lon="-122.36054"><ele>23.3</ele><time>2026-01-01T08:41:06Z</time><extensions><gpxtpx:TrackPointExtension><gpxtpx:hr>157</gpxtpx:hr></gpxtpx:TrackPointExtension></extensions></trkpt>
    <trkpt lat="47.62364" lon="-122.360653"><ele>23.4</ele><time>2026-01-01T08:41:09Z</time><extensions><gpxtpx:TrackPointExtension><gpxtpx:hr>161</gpxtpx:hr></gpxtpx:TrackPointExtension></extensions></trkpt>
    <trkpt lat="47.623663" lon="-122.360768"><ele>23.2</ele><time>2026-01-01T08:41:12Z</time><extensions><gpxtpx:TrackPointExtension><gpxtpx:hr>160</gpxtpx:hr></gpxtpx:TrackPointExtension></extensions></trkpt>
    <trkpt lat="47.623684" lon="-122.360879"><ele>23.6</ele><time>2026-01-01T08:41:15Z</time><extensions><gpxtpx:TrackPointExtension><gpxtpx:hr>158</gpxtpx:hr></gpxtpx:TrackPointExtension></extensions></trkpt>
    <trkpt lat="47.623705" lon="-122.360989"><ele>23.0</ele><time>2026-01-01T08:41:18Z</time><extensions><gpxtpx:TrackPointExtension><gpxtpx:hr>157</gpxtpx:hr></gpxtpx:TrackPointExtension></extensions></trkpt>
    <trkpt lat="47.623726" lon="-122.361102"><ele>23.5</ele><time>2026-01-01T08:41:21Z</time><extensions><gpxtpx:TrackPointExtension><gpxtpx:hr>157</gpxtpx:hr></gpxtpx:TrackPointExtension></extensions></trkpt>
    <trkpt lat="47.623746" lon="-122.361217"><ele>23.2</ele><time>2026-01-01T08:41:24Z</time><extensions><gpxtpx:TrackPointExtension><gpxtpx:hr>160</gpxtpx:hr></gpxtpx:TrackPointExtension></extensions></trkpt>
    <trkpt lat="47.623765" lon="-122.361329"><ele>22.8</ele><time>2026-01-01T08:41:27Z</time><extensions><gpxtpx:TrackPointExtension><gpxtpx:hr>159</gpxtpx:hr></gpxtpx:TrackPointExtension></extensions></trkpt>
    <trkpt lat="47.623783" lon="-122.361436"><ele>23.0</ele><time>2026-01-01T08:41:30Z</time><extensions><gpxtpx:TrackPointExtension><gpxtpx:hr>160</gpxtpx:hr></gpxtpx:TrackPointExtension></extensions></trkpt>
    <trkpt lat="47.6238" lon="-122.361547"><ele>22.8</ele><time>2026-01-01T08:41:33Z</time><extensions><gpxtpx:TrackPointExtension><gpxtpx:hr>157</gpxtpx:hr></gpxtpx:TrackPointExtension></extensions></trkpt>
    <trkpt lat="47.623817" lon="-122.361656"><ele>22.9</ele><time>2026-01-01T08:41:36Z</time><extensions><gpxtpx:TrackPointExtension><gpxtpx:hr>155</gpxtpx:hr></gpxtpx:TrackPointExtension></extensions></trkpt>
    <trkpt lat="47.623832" lon="-122.361759"><ele>23.0</ele><time>2026-01-01T08:41:39Z</time><extensions><gpxtpx:TrackPointExtension><gpxtpx:hr>160</gpxtpx:hr></gpxtpx:TrackPointExtension></extensions></trkpt>
    <trkpt lat="47.623848" lon="-122.361876"><ele>22.7</ele><time>2026-01-01T08:41:42Z</time><extensions><gpxtpx:TrackPointExtension><gpxtpx:hr>153</gpxtpx:hr></gpxtpx:TrackPointExtension></extensions></trkpt>
    <trkpt lat="47.623863" lon="-122.361986"><ele>22.9</ele><time>2026-01-01T08:41:45Z</time><extensions><gpxtpx:TrackPointExtension><gpxtpx:hr>158</gpxtpx:hr></gpxtpx:TrackPointExtension></extensions></trkpt>
    <trkpt lat="47.623878" lon="-122.362103"><ele>22.7</ele><time>2026-01-01T08:41:48Z</time><extensions><gpxtpx:TrackPointExtension><gpxtpx:hr>157</gpxtpx:hr></gpxtpx:TrackPointExtension></extensions></trkpt>
    <trkpt lat="47.623892" lon="-122.362217"><ele>22.9</ele><time>2026-01-01T08:41:51Z</time><extensions><gpxtpx:TrackPointExtension><gpxtpx:hr>157</gpxtpx:hr></gpxtpx:TrackPointExtension></extensions></trkpt>
    <trkpt lat="47.623905" lon="-122.362324"><ele>23.2</ele><time>2026-01-01T08:41:54Z</time><extensions><gpxtpx:TrackPointExtension><gpxtpx:hr>154</gpxtpx:hr></gpxtpx:TrackPointExtension></extensions></trkpt>
    <trkpt lat="47.623917" lon="-122.36243"><ele>22.6</ele><time>2026-01-01T08:41:57Z</time><extensions><gpxtpx:TrackPointExtension><gpxtpx:hr>157</gpxtpx:hr></gpxtpx:TrackPointExtension></extensions></trkpt>
    <trkpt lat="47.623928" lon="-122.362541"><ele>23.0</ele><time>2026-01-01T08:42:00Z</time><extensions><gpxtpx:TrackPointExtension><gpxtpx:hr>157</gpxtpx:hr></gpxtpx:TrackPointExtension></extensions></trkpt>
    <trkpt lat="47.623939" lon="-122.362649"><ele>22.9</ele><time>2026-01-01T08:42:03Z</time><extensions><gpxtpx:TrackPointExtension><gpxtpx:hr>155</gpxtpx:hr></gpxtpx:TrackPointExtension></extensions></trkpt>
    <trkpt lat="47.623949" lon="-122.362759"><ele>23.1</ele><time>2026-01-01T08:42:06Z</time><extensions><gpxtpx:TrackPointExtension><gpxtpx:hr>152</gpxtpx:hr></gpxtpx:TrackPointExtension></extensions></trkpt>
    <trkpt lat="47.623959" lon="-122.362865"><ele>22.9</ele><time>2026-01-01T08:42:09Z</time><extensions><gpxtpx:TrackPointExtension><gpxtpx:hr>157</gpxtpx:hr></gpxtpx:TrackPointExtension></extensions></trkpt>
    <trkpt lat="47.623968" lon="-122.362978"><ele>22.4</ele><time>2026-01-01T08:42:12Z</time><extensions><gpxtpx:TrackPointExtension><gpxtpx:hr>156</gpxtpx:hr></gpxtpx:TrackPointExtension></extensions></trkpt>
    <trkpt lat="47.623977" lon="-122.363091"><ele>22.5</ele><time>2026-01-01T08:42:15Z</time><extensions><gpxtpx:TrackPointExtension><gpxtpx:hr>155</gpxtpx:hr></gpxtpx:TrackPointExtension></extensions></trkpt>
    <trkpt lat="47.623985" lon="-122.363206"><ele>22.5</ele><time>2026-01-01T08:42:18Z</time><extensions><gpxtpx:TrackPointExtension><gpxtpx:hr>157</gpxtpx:hr></gpxtpx:TrackPointExtension></extensions></trkpt>
    <trkpt lat="47.623992" lon="-122.363325"><ele>23.0</ele><time>2026-01-01T08:42:21Z</time><extensions><gpxtpx:TrackPointExtension><gpxtpx:hr>158</gpxtpx:hr></gpxtpx:TrackPointExtension></extensions></trkpt>
    <trkpt lat="47.623999" lon="-122.363444"><ele>22.9</ele><time>2026-01-01T08:42:24Z</time><extensions><gpxtpx:TrackPointExtension><gpxtpx:hr>154</gpxtpx:hr></gpxtpx:TrackPointExtension></extensions></trkpt>
    <trkpt lat="47.624005" lon="-122.363563"><ele>22.6</ele><time>2026-01-01T08:42:27Z</time><extensions><gpxtpx:TrackPointExtension><gpxtpx:hr>156</gpxtpx:hr></gpxtpx:TrackPointExtension></extensions></trkpt>
    <trkpt lat="47.62401" lon="-122.36368"><ele>22.6</ele><time>2026-01-01T08:42:30Z</time><extensions><gpxtpx:TrackPointExtension><gpxtpx:hr>156</gpxtpx:hr></gpxtpx:TrackPointExtension></extensions></trkpt>
    <trkpt lat="47.624015" lon="-122.363785"><ele>22.4</ele><time>2026-01-01T08:42:33Z</time><extensions><gpxtpx:TrackPointExtension><gpxtpx:hr>155</gpxtpx:hr></gpxtpx:TrackPointExtension></extensions></trkpt>
    <trkpt lat="47.624018" lon="-122.363894"><ele>22.7</ele><time>2026-01-01T08:42:36Z</time><extensions><gpxtpx:TrackPointExtension><gpxtpx:hr>151</gpxtpx:hr></gpxtpx:TrackPointExtension></extensions></trkpt>
    <trkpt lat="47.624021" lon="-122.364008"><ele>22.2</ele><time>2026-01-01T08:42:39Z</time><extensions><gpxtpx:TrackPointExtension><gpxtpx:hr>157</gpxtpx:hr></gpxtpx:TrackPointExtension></extensions></trkpt>
    <trkpt lat="47.624024" lon="-122.364127"><ele>22.6</ele><time>2026-01-01T08:42:42Z</time><extensions><gpxtpx:TrackPointExtension><gpxtpx:hr>151</gpxtpx:hr></gpxtpx:TrackPointExtension></extensions></trkpt>
    <trkpt lat="47.624026" lon="-122.364242"><ele>22.3</ele><time>2026-01-01T08:42:45Z</time><extensions><gpxtpx:TrackPointExtension><gpxtpx:hr>152</gpxtpx:hr></gpxtpx:TrackPointExtension></extensions></trkpt>
    <trkpt lat="47.624027" lon="-122.364347"><ele>22.1</ele><time>2026-01-01T08:42:48Z</time><extensions><gpxtpx:TrackPointExtension><gpxtpx:hr>153</gpxtpx:hr></gpxtpx:TrackPointExtension></extensions></trkpt>
    <trkpt lat="47.624027" lon="-122.364452"><ele>22.7</ele><time>2026-01-01T08:42:51Z</time><extensions><gpxtpx:TrackPointExtension><gpxtpx:hr>157</gpxtpx:hr></gpxtpx:TrackPointExtension></extensions></trkpt>
    <trkpt lat="47.624027" lon="-122.364571"><ele>22.3</ele><time>2026-01-01T08:42:54Z</time><extensions><gpxtpx:TrackPointExtension><gpxtpx:hr>150</gpxtpx:hr></gpxtpx:TrackPointExtension></extensions></trkpt>
    <trkpt lat="47.624026" lon="-122.364683"><ele>22.6</ele><time>2026-01-01T08:42:57Z</time><extensions><gpxtpx:TrackPointExtension><gpxtpx:hr>153</gpxtpx:hr></gpxtpx:TrackPointExtension></extensions></trkpt>
    <trkpt lat="47.624024" lon="-122.364792"><ele>22.6</ele><time>2026-01-01T08:43:00Z</time><extensions><gpxtpx:TrackPointExtension><gpxtpx:hr>150</gpxtpx:hr></gpxtpx:TrackPointExtension></extensions></trkpt>
    <trkpt lat="47.624022" lon="-122.364896"><ele>22.6</ele><time>2026-01-01T08:43:03Z</time><extensions><gpxtpx:TrackPointExtension><gpxtpx:hr>151</gpxtpx:hr></gpxtpx:TrackPointExtension></extensions></trkpt>
    <trkpt lat="47.624019" lon="-122.365009"><ele>22.3</ele><time>2026-01-01T08:43:06Z</time><extensions><gpxtpx:TrackPointExtension><gpxtpx:hr>155</gpxtpx:hr></gpxtpx:TrackPointExtension></extensions></trkpt>
    <trkpt lat="47.624015" lon="-122.365114"><ele>22.5</ele><time>2026-01-01T08:43:09Z</time><extensions><gpxtpx:TrackPointExtension><gpxtpx:hr>155</gpxtpx:hr></gpxtpx:TrackPointExtension></extensions></trkpt>
    <trkpt lat="47.62401" lon="-122.365231"><ele>22.3</ele><time>2026-01-01T08:43:12Z</time><extensions><gpxtpx:TrackPointExtension><gpxtpx:hr>150</gpxtpx:hr></gpxtpx:TrackPointExtension></extensions></trkpt>
    <trkpt lat="47.624005" lon="-122.365342"><ele>22.2</ele><time>2026-01-01T08:43:15Z</time><extensions><gpxtpx:TrackPointExtension><gpxtpx:hr>151</gpxtpx:hr></gpxtpx:TrackPointExtension></extensions></trkpt>
    <trkpt lat="47.623999" lon="-122.365459"><ele>22.2</ele><time>2026-01-01T08:43:18Z</time><extensions><gpxtpx:TrackPointExtension><gpxtpx:hr>154</gpxtpx:hr></gpxtpx:TrackPointExtension></extensions></trkpt>
    <trkpt lat="47.623992" lon="-122.365577"><ele>22.0</ele><time>2026-01-01T08:43:21Z</time><extensions><gpxtpx:TrackPointExtension><gpxtpx:hr>151</gpxtpx:hr></gpxtpx:TrackPointExtension></extensions></trkpt>
    <trkpt lat="47.623984" lon="-122.365693"><ele>21.9</ele><time>2026-01-01T08:43:24Z</time><extensions><gpxtpx:TrackPointExtension><gpxtpx:hr>151</gpxtpx:hr></gpxtpx:TrackPointExtension></extensions></trkpt>
    <trkpt lat="47.623976" lon="-122.365802"><ele>22.1</ele><time>2026-01-01T08:43:27Z</time><extensions><gpxtpx:TrackPointExtension><gpxtpx:hr>155</gpxtpx:hr></gpxtpx:TrackPointExtension></extensions></trkpt>
    <trkpt lat="47.623967" lon="-122.365913"><ele>22.5</ele><time>2026-01-01T08:43:30Z</time><extensions><gpxtpx:TrackPointExtension><gpxtpx:hr>154</gpxtpx:hr></gpxtpx:TrackPointExtension></extensions></trkpt>
    <trkpt lat="47.623958" lon="-122.366027"><ele>22.1</ele><time>2026-01-01T08:43:33Z</time><extensions><gpxtpx:TrackPointExtension><gpxtpx:hr>151</gpxtpx:hr></gpxtpx:TrackPointExtension></extensions></trkpt>
    <trkpt lat="47.623947" lon="-122.366139"><ele>22.4</ele><time>2026-01-01T08:43:36Z</time><extensions><gpxtpx:TrackPointExtension><gpxtpx:hr>154</gpxtpx:hr></gpxtpx:TrackPointExtension></extensions></trkpt>
    <trkpt lat="47.623937" lon="-122.366246"><ele>22.0</ele><time>2026-01-01T08:43:39Z</time><extensions><gpxtpx:TrackPointExtension><gpxtpx:hr>152</gpxtpx:hr></gpxtpx:TrackPointExtension></extensions></trkpt>
    <trkpt lat="47.623926" lon="-122.366352"><ele>21.9</ele><time>2026-01-01T08:43:42Z</time><extensions><gpxtpx:TrackPointExtension><gpxtpx:hr>151</gpxtpx:hr></gpxtpx:TrackPointExtension></extensions></trkpt>
    <trkpt lat="47.623913" lon="-122.366469"><ele>22.5</ele><time>2026-01-01T08:43:45Z</time><extensions><gpxtpx:TrackPointExtension><gpxtpx:hr>154</gpxtpx:hr></gpxtpx:TrackPointExtension></extensions></trkpt>
    <trkpt lat="47.623901" lon="-122.366572"><ele>21.8</ele><time>2026-01-01T08:43:48Z</time><extensions><gpxtpx:TrackPointExtension><gpxtpx:hr>151</gpxtpx:hr></gpxtpx:TrackPointExtension></extensions></trkpt>
    <trkpt lat="47.623886" lon="-122.366685"><ele>22.4</ele><time>2026-01-01T08:43:51Z</time><extensions><gpxtpx:TrackPointExtension><gpxtpx:hr>149</gpxtpx:hr></gpxtpx:TrackPointExtension></extensions></trkpt>
    <trkpt lat="47.623871" lon="-122.366803"><ele>22.1</ele><time>2026-01-01T08:43:54Z</time><extensions><gpxtpx:TrackPointExtension><gpxtpx:hr>153</gpxtpx:hr></gpxtpx:TrackPointExtension></extensions></trkpt>
    <trkpt lat="47.623855" lon="-122.36692"><ele>22.5</ele><time>2026-01-01T08:43:57Z</time><extensions><gpxtpx:TrackPointExtension><gpxtpx:hr>150</gpxtpx:hr></gpxtpx:TrackPointExtension></extensions></trkpt>
    <trkpt lat="47.623839" lon="-122.367025"><ele>21.9</ele><time>2026-01-01T08:44:00Z</time><extensions><gpxtpx:TrackPointExtension><gpxtpx:hr>153</gpxtpx:hr></gpxtpx:TrackPointExtension></extensions></trkpt>
    <trkpt lat="47.623823" lon="-122.367133"><ele>22.3</ele><time>2026-01-01T08:44:03Z</time><extensions><gpxtpx:TrackPointExtension><gpxtpx:hr>150</gpxtpx:hr></gpxtpx:TrackPointExtension></extensions></trkpt>
    <trkpt lat="47.623805" lon="-122.367243"><ele>22.1</ele><time>2026-01-01T08:44:06Z</time><extensions><gpxtpx:TrackPointExtension><gpxtpx:hr>149</gpxtpx:hr></gpxtpx:TrackPointExtension></extensions></trkpt>
    <trkpt lat="47.623788" lon="-122.367348"><ele>22.4</ele><time>2026-01-01T08:44:09Z</time><extensions><gpxtpx:TrackPointExtension><gpxtpx:hr>148</gpxtpx:hr></gpxtpx:TrackPointExtension></extensions></trkpt>
    <trkpt lat="47.62377" lon="-122.367452"><ele>21.8</ele><time>2026-01-01T08:44:12Z</time><extensions><gpxtpx:TrackPointExtension><gpxtpx:hr>151</gpxtpx:hr></gpxtpx:TrackPointExtension></extensions></trkpt>
    <trkpt lat="47.623751" lon="-122.367555"><ele>22.0</ele><time>2026-01-01T08:44:15Z</time><extensions><gpxtpx:TrackPointExtension><gpxtpx:hr>150</gpxtpx:hr></gpxtpx:TrackPointExtension></extensions></trkpt>
    <trkpt lat="47.623732" lon="-122.367657"><ele>22.2</ele><time>2026-01-01T08:44:18Z</time><extensions><gpxtpx:TrackPointExtension><gpxtpx:hr>152</gpxtpx:hr></gpxtpx:TrackPointExtension></extensions></trkpt>
    <trkpt lat="47.62371" lon="-122.367769"><ele>22.0</ele><time>2026-01-01T08:44:21Z</time><extensions><gpxtpx:TrackPointExtension><gpxtpx:hr>149</gpxtpx:hr></gpxtpx:TrackPointExtension></extensions></trkpt>
    <trkpt lat="47.62369" lon="-122.367869"><ele>22.1</ele><time>2026-01-01T08:44:24Z</time><extensions><gpxtpx:TrackPointExtension><gpxtpx:hr>146</gpxtpx:hr></gpxtpx:TrackPointExtension></extensions></trkpt>
    <trkpt lat="47.623666" lon="-122.367981"><ele>21.6</ele><time>2026-01-01T08:44:27Z</time><extensions><gpxtpx:TrackPointExtension><gpxtpx:hr>152</gpxtpx:hr></gpxtpx:TrackPointExtension></extensions></trkpt>
    <trkpt lat="47.623643" lon="-122.368087"><ele>21.8</ele><time>2026-01-01T08:44:30Z</time><extensions><gpxtpx:TrackPointExtension><gpxtpx:hr>147</gpxtpx:hr></gpxtpx:TrackPointExtension></extensions></trkpt>
    <trkpt lat="47.623621" lon="-122.368186"><ele>21.9</ele><time>2026-01-01T08:44:33Z</time><extensions><gpxtpx:TrackPointExtension><gpxtpx:hr>152</gpxtpx:hr></gpxtpx:TrackPointExtension></extensions></trkpt>
    <trkpt lat="47.623598" lon="-122.368286"><ele>22.0</ele><time>2026-01-01T08:44:36Z</time><extensions><gpxtpx:TrackPointExtension><gpxtpx:hr>152</gpxtpx:hr></gpxtpx:TrackPointExtension></extensions></trkpt>
    <trkpt lat="47.623573" lon="-122.368389"><ele>22.4</ele><time>2026-01-01T08:44:39Z</time><extensions><gpxtpx:TrackPointExtension><gpxtpx:hr>151</gpxtpx:hr></gpxtpx:TrackPointExtension></extensions></trkpt>
    <trkpt lat="47.623545" lon="-122.3685"><ele>21.9</ele><time>2026-01-01T08:44:42Z</time><extensions><gpxtpx:TrackPointExtension><gpxtpx:hr>151</gpxtpx:hr></gpxtpx:TrackPointExtension></extensions></trkpt>
    <trkpt lat="47.623519" lon="-122.368604"><ele>22.2</ele><time>2026-01-01T08:44:45Z</time><extensions><gpxtpx:TrackPointExtension><gpxtpx:hr>150</gpxtpx:hr></gpxtpx:TrackPointExtension></extensions></trkpt>
    <trkpt lat="47.623492" lon="-122.368706"><ele>21.9</ele><time>2026-01-01T08:44:48Z</time><extensions><gpxtpx:TrackPointExtension><gpxtpx:hr>149</gpxtpx:hr></gpxtpx:TrackPointExtension></extensions></trkpt>
    <trkpt lat="47.623464" lon="-122.368807"><ele>21.8</ele><time>2026-01-01T08:44:51Z</time><extensions><gpxtpx:TrackPointExtension><gpxtpx:hr>151</gpxtpx:hr></gpxtpx:TrackPointExtension></extensions></trkpt>
    <trkpt lat="47.623436" lon="-122.368909"><ele>21.9</ele><time>2026-01-01T08:44:54Z</time><extensions><gpxtpx:TrackPointExtension><gpxtpx:hr>147</gpxtpx:hr></gpxtpx:TrackPointExtension></extensions></trkpt>
    <trkpt lat="47.623405" lon="-122.369016"><ele>21.9</ele><time>2026-01-01T08:44:57Z</time><extensions><gpxtpx:TrackPointExtension><gpxtpx:hr>151</gpxtpx:hr></gpxtpx:TrackPointExtension></extensions></trkpt>
    <trkpt lat="47.623375" lon="-122.369119"><ele>21.8</ele><time>2026-01-01T08:45:00Z</time><extensions><gpxtpx:TrackPointExtension><gpxtpx:hr>151</gpxtpx:hr></gpxtpx:TrackPointExtension></extensions></trkpt>
    <trkpt lat="47.623344" lon="-122.369219"><ele>21.8</ele><time>2026-01-01T08:45:03Z</time><extensions><gpxtpx:TrackPointExtension><gpxtpx:hr>145</gpxtpx:hr></gpxtpx:TrackPointExtension></extensions></trkpt>
    <trkpt lat="47.623315" lon="-122.369313"><ele>22.3</ele><time>2026-01-01T08:45:06Z</time><extensions><gpxtpx:TrackPointExtension><gpxtpx:hr>145</gpxtpx:hr></gpxtpx:TrackPointExtension></extensions></trkpt>
    <trkpt lat="47.62328" lon="-122.36942"><ele>22.1</ele><time>2026-01-01T08:45:09Z</time><extensions><gpxtpx:TrackPointExtension><gpxtpx:hr>145</gpxtpx:hr></gpxtpx:TrackPointExtension></extensions></trkpt>
    <trkpt lat="47.623245" lon="-122.369526"><ele>22.0</ele><time>2026-01-01T08:45:12Z</time><extensions><gpxtpx:TrackPointExtension><gpxtpx:hr>151</gpxtpx:hr></gpxtpx:TrackPointExtension></extensions></trkpt>
    <trkpt lat="47.623212" lon="-122.369625"><ele>21.9</ele><time>2026-01-01T08:45:15Z</time><extensions><gpxtpx:TrackPointExtension><gpxtpx:hr>148</gpxtpx:hr></gpxtpx:TrackPointExtension></extensions></trkpt>
    <trkpt lat="47.623176" lon="-122.369728"><ele>22.3</ele><time>2026-01-01T08:45:18Z</time><extensions><gpxtpx:TrackPointExtension><gpxtpx:hr>148</gpxtpx:hr></gpxtpx:TrackPointExtension></extensions></trkpt>
    <trkpt lat="47.623143" lon="-122.369821"><ele>21.7</ele><time>2026-01-01T08:45:21Z</time><extensions><gpxtpx:TrackPointExtension><gpxtpx:hr>149</gpxtpx:hr></gpxtpx:TrackPointExtension></extensions></trkpt>
    <trkpt lat="47.623105" lon="-122.369923"><ele>21.9</ele><time>2026-01-01T08:45:24Z</time><extensions><gpxtpx:TrackPointExtension><gpxtpx:hr>144</gpxtpx:hr></gpxtpx:TrackPointExtension></extensions></trkpt>
    <trkpt lat="47.623068" lon="-122.370022"><ele>21.8</ele><time>2026-01-01T08:45:27Z</time><extensions><gpxtpx:TrackPointExtension><gpxtpx:hr>145</gpxtpx:hr></gpxtpx:TrackPointExtension></extensions></trkpt>
    <trkpt lat="47.623029" lon="-122.370124"><ele>21.9</ele><time>2026-01-01T08:45:30Z</time><extensions><gpxtpx:TrackPointExtension><gpxtpx:hr>147</gpxtpx:hr></gpxtpx:TrackPointExtension></extensions></trkpt>
    <trkpt lat="47.622993" lon="-122.370215"><ele>22.4</ele><time>2026-01-01T08:45:33Z</time><extensions><gpxtpx:TrackPointExtension><gpxtpx:hr>146</gpxtpx:hr></gpxtpx:TrackPointExtension></extensions></trkpt>
    <trkpt lat="47.622955" lon="-122.37031"><ele>22.4</ele><time>2026-01-01T08:45:36Z</time><extensions><gpxtpx:TrackPointExtension><gpxtpx:hr>144</gpxtpx:hr></gpxtpx:TrackPointExtension></extensions></trkpt>
    <trkpt lat="47.622913" lon="-122.370411"><ele>21.7</ele><time>2026-01-01T08:45:39Z</time><extensions><gpxtpx:TrackPointExtension><gpxtpx:hr>145</gpxtpx:hr></gpxtpx:TrackPointExtension></extensions></trkpt>
    <trkpt lat="47.622875" lon="-122.3705"><ele>22.0</ele><time>2026-01-01T08:45:42Z</time><extensions><gpxtpx:TrackPointExtension><gpxtpx:hr>146</gpxtpx:hr></gpxtpx:TrackPointExtension></extensions></trkpt>
    <trkpt lat="47.622835" lon="-122.370592"><ele>22.2</ele><time>2026-01-01T08:45:45Z</time><extensions><gpxtpx:TrackPointExtension><gpxtpx:hr>148</gpxtpx:hr></gpxtpx:TrackPointExtension></extensions></trkpt>
    <trkpt lat="47.622794" lon="-122.370685"><ele>22.3</ele><time>2026-01-01T08:45:48Z</time><extensions><gpxtpx:TrackPointExtension><gpxtpx:hr>145</gpxtpx:hr></gpxtpx:TrackPointExtension></extensions></trkpt>
    <trkpt lat="47.622751" lon="-122.370779"><ele>22.1</ele><time>2026-01-01T08:45:51Z</time><extensions><gpxtpx:TrackPointExtension><gpxtpx:hr>148</gpxtpx:hr></gpxtpx:TrackPointExtension></extensions></trkpt>
    <trkpt lat="47.622711" lon="-122.370865"><ele>22.3</ele><time>2026-01-01T08:45:54Z</time><extensions><gpxtpx:TrackPointExtension><gpxtpx:hr>149</gpxtpx:hr></gpxtpx:TrackPointExtension></extensions></trkpt>
    <trkpt lat="47.622665" lon="-122.370962"><ele>22.4</ele><time>2026-01-01T08:45:57Z</time><extensions><gpxtpx:TrackPointExtension><gpxtpx:hr>145</gpxtpx:hr></gpxtpx:TrackPointExtension></extensions></trkpt>
    <trkpt lat="47.622622" lon="-122.371049"><ele>22.4</ele><time>2026-01-01T08:46:00Z</time><extensions><gpxtpx:TrackPointExtension><gpxtpx:hr>143</gpxtpx:hr></gpxtpx:TrackPointExtension></extensions></trkpt>
    <trkpt lat="47.622578" lon="-122.371137"><ele>22.3</ele><time>2026-01-01T08:46:03Z</time><extensions><gpxtpx:TrackPointExtension><gpxtpx:hr>148</gpxtpx:hr></gpxtpx:TrackPointExtension></extensions></trkpt>
    <trkpt lat="47.622534" lon="-122.371225"><ele>21.7</ele><time>2026-01-01T08:46:06Z</time><extensions><gpxtpx:TrackPointExtension><gpxtpx:hr>145</gpxtpx:hr></gpxtpx:TrackPointExtension></extensions></trkpt>
    <trkpt lat="47.622488" lon="-122.371312"><ele>22.3</ele><time>2026-01-01T08:46:09Z</time><extensions><gpxtpx:TrackPointExtension><gpxtpx:hr>142</gpxtpx:hr></gpxtpx:TrackPointExtension></extensions></trkpt>
    <trkpt lat="47.622444" lon="-122.371394"><ele>22.4</ele><time>2026-01-01T08:46:12Z</time><extensions><gpxtpx:TrackPointExtension><gpxtpx:hr>145</gpxtpx:hr></gpxtpx:TrackPointExtension></extensions></trkpt>
    <trkpt lat="47.622394" lon="-122.371487"><ele>22.4</ele><time>2026-01-01T08:46:15Z</time><extensions><gpxtpx:TrackPointExtension><gpxtpx:hr>144</gpxtpx:hr></gpxtpx:TrackPointExtension></extensions></trkpt>
    <trkpt lat="47.622345" lon="-122.371575"><ele>22.5</ele><time>2026-01-01T08:46:18Z</time><extensions><gpxtpx:TrackPointExtension><gpxtpx:hr>148</gpxtpx:hr></gpxtpx:TrackPointExtension></extensions></trkpt>
    <trkpt lat="47.622299" lon="-122.371654"><ele>22.0</ele><time>2026-01-01T08:46:21Z</time><extensions><gpxtpx:TrackPointExtension><gpxtpx:hr>145</gpxtpx:hr></gpxtpx:TrackPointExtension></extensions></trkpt>
    <trkpt lat="47.622251" lon="-122.371737"><ele>22.4</ele><time>2026-01-01T08:46:24Z</time><extensions><gpxtpx:TrackPointExtension><gpxtpx:hr>145</gpxtpx:hr></gpxtpx:TrackPointExtension></extensions></trkpt>
    <trkpt lat="47.6222" lon="-122.371823"><ele>21.9</ele><time>2026-01-01T08:46:27Z</time><extensions><gpxtpx:TrackPointExtension><gpxtpx:hr>143</gpxtpx:hr></gpxtpx:TrackPointExtension></extensions></trkpt>
    <trkpt lat="47.622152" lon="-122.371901"><ele>22.2</ele><time>2026-01-01T08:46:30Z</time><extensions><gpxtpx:TrackPointExtension><gpxtpx:hr>141</gpxtpx:hr></gpxtpx:TrackPointExtension></extensions></trkpt>
    <trkpt lat="47.622104" lon="-122.371977"><ele>22.3</ele><time>2026-01-01T08:46:33Z</time><extensions><gpxtpx:TrackPointExtension><gpxtpx:hr>145</gpxtpx:hr></gpxtpx:TrackPointExtension></extensions></trkpt>
    <trkpt lat="47.622051" lon="-122.37206"><ele>22.3</ele><time>2026-01-01T08:46:36Z</time><extensions><gpxtpx:TrackPointExtension><gpxtpx:hr>146</gpxtpx:hr></gpxtpx:TrackPointExtension></extensions></trkpt>
    <trkpt lat="47.621997" lon="-122.372143"><ele>22.1</ele><time>2026-01-01T08:46:39Z</time><extensions><gpxtpx:TrackPointExtension><gpxtpx:hr>143</gpxtpx:hr></gpxtpx:TrackPointExtension></extensions></trkpt>
    <trkpt lat="47.621943" lon="-122.372224"><ele>22.1</ele><time>2026-01-01T08:46:42Z</time><extensions><gpxtpx:TrackPointExtension><gpxtpx:hr>141</gpxtpx:hr></gpxtpx:TrackPointExtension></extensions></trkpt>
    <trkpt lat="47.621888" lon="-122.372304"><ele>22.0</ele><time>2026-01-01T08:46:45Z</time><extensions><gpxtpx:TrackPointExtension><gpxtpx:hr>142</gpxtpx:hr></gpxtpx:TrackPointExtension></extensions></trkpt>
    <trkpt lat="47.621833" lon="-122.372383"><ele>22.2</ele><time>2026-01-01T08:46:48Z</time><extensions><gpxtpx:TrackPointExtension><gpxtpx:hr>140</gpxtpx:hr></gpxtpx:TrackPointExtension></extensions></trkpt>
    <trkpt lat="47.621782" lon="-122.372455"><ele>22.4</ele><time>2026-01-01T08:46:51Z</time><extensions><gpxtpx:TrackPointExtension><gpxtpx:hr>145</gpxtpx:hr></gpxtpx:TrackPointExtension></extensions></trkpt>
    <trkpt lat="47.62173" lon="-122.372526"><ele>22.0</ele><time>2026-01-01T08:46:54Z</time><extensions><gpxtpx:TrackPointExtension><gpxtpx:hr>145</gpxtpx:hr></gpxtpx:TrackPointExtension></extensions></trkpt>
    <trkpt lat="47.62167" lon="-122.372606"><ele>22.7</ele><time>2026-01-01T08:46:57Z</time><extensions><gpxtpx:TrackPointExtension><gpxtpx:hr>141</gpxtpx:hr></gpxtpx:TrackPointExtension></extensions></trkpt>
    <trkpt lat="47.621616" lon="-122.372676"><ele>22.6</ele><time>2026-01-01T08:47:00Z</time><extensions><gpxtpx:TrackPointExtension><gpxtpx:hr>145</gpxtpx:hr></gpxtpx:TrackPointExtension></extensions></trkpt>
    <trkpt lat="47.621558" lon="-122.37275"><ele>22.8</ele><time>2026-01-01T08:47:03Z</time><extensions><gpxtpx:TrackPointExtension><gpxtpx:hr>146</gpxtpx:hr></gpxtpx:TrackPointExtension></extensions></trkpt>
    <trkpt lat="47.6215" lon="-122.372824"><ele>22.2</ele><time>2026-01-01T08:47:06Z</time><extensions><gpxtpx:TrackPointExtension><gpxtpx:hr>143</gpxtpx:hr></gpxtpx:TrackPointExtension></extensions></trkpt>
    <trkpt lat="47.621439" lon="-122.372897"><ele>22.2</ele><time>2026-01-01T08:47:09Z</time><extensions><gpxtpx:TrackPointExtension><gpxtpx:hr>144</gpxtpx:hr></gpxtpx:TrackPointExtension></extensions></trkpt>
    <trkpt lat="47.621383" lon="-122.372964"><ele>22.5</ele><time>2026-01-01T08:47:12Z</time><extensions><gpxtpx:TrackPointExtension><gpxtpx:hr>141</gpxtpx:hr></gpxtpx:TrackPointExtension></extensions></trkpt>
    <trkpt lat="47.621326" lon="-122.37303"><ele>22.8</ele><time>2026-01-01T08:47:15Z</time><extensions><gpxtpx:TrackPointExtension><gpxtpx:hr>139</gpxtpx:hr></gpxtpx:TrackPointExtension></extensions></trkpt>
    <trkpt lat="47.621265" lon="-122.3731"><ele>22.7</ele><time>2026-01-01T08:47:18Z</time><extensions><gpxtpx:TrackPointExtension><gpxtpx:hr>145</gpxtpx:hr></gpxtpx:TrackPointExtension></extensions></trkpt>
    <trkpt lat="47.621202" lon="-122.373171"><ele>22.5</ele><time>2026-01-01T08:47:21Z</time><extensions><gpxtpx:TrackPointExtension><gpxtpx:hr>139</gpxtpx:hr></gpxtpx:TrackPointExtension></extensions></trkpt>
    <trkpt lat="47.621137" lon="-122.373241"><ele>22.6</ele><time>2026-01-01T08:47:24Z</time><extensions><gpxtpx:TrackPointExtension><gpxtpx:hr>142</gpxtpx:hr></gpxtpx:TrackPointExtension></extensions></trkpt>
    <trkpt lat="47.621078" lon="-122.373302"><ele>22.4</ele><time>2026-01-01T08:47:27Z</time><extensions><gpxtpx:TrackPointExtension><gpxtpx:hr>144</gpxtpx:hr></gpxtpx:TrackPointExtension></extensions></trkpt>
    <trkpt lat="47.62102" lon="-122.373363"><ele>22.9</ele><time>2026-01-01T08:47:30Z</time><extensions><gpxtpx:TrackPointExtension><gpxtpx:hr>138</gpxtpx:hr></gpxtpx:TrackPointExtension></extensions></trkpt>
    <trkpt lat="47.620959" lon="-122.373424"><ele>22.6</ele><time>2026-01-01T08:47:33Z</time><extensions><gpxtpx:TrackPointExtension><gpxtpx:hr>139</gpxtpx:hr></gpxtpx:TrackPointExtension></extensions></trkpt>
    <trkpt lat="47.620895" lon="-122.373487"><ele>22.6</ele><time>2026-01-01T08:47:36Z</time><extensions><gpxtpx:TrackPointExtension><gpxtpx:hr>142</gpxtpx:hr></gpxtpx:TrackPointExtension></extensions></trkpt>
    <trkpt lat="47.62083" lon="-122.373549"><ele>22.8</ele><time>2026-01-01T08:47:39Z</time><extensions><gpxtpx:TrackPointExtension><gpxtpx:hr>144</gpxtpx:hr></gpxtpx:TrackPointExtension></extensions></trkpt>
    <trkpt lat="47.620769" lon="-122.373606"><ele>22.8</ele><time>2026-01-01T08:47:42Z</time><extensions><gpxtpx:TrackPointExtension><gpxtpx:hr>143</gpxtpx:hr></gpxtpx:TrackPointExtension></extensions></trkpt>
    <trkpt lat="47.620707" lon="-122.373662"><ele>22.4</ele><time>2026-01-01T08:47:45Z</time><extensions><gpxtpx:TrackPointExtension><gpxtpx:hr>141</gpxtpx:hr></gpxtpx:TrackPointExtension></extensions></trkpt>
    <trkpt lat="47.620639" lon="-122.373722"><ele>22.5</ele><time>2026-01-01T08:47:48Z</time><extensions><gpxtpx:TrackPointExtension><gpxtpx:hr>142</gpxtpx:hr></gpxtpx:TrackPointExtension></extensions></trkpt>
    <trkpt lat="47.620576" lon="-122.373776"><ele>22.6</ele><time>2026-01-01T08:47:51Z</time><extensions><gpxtpx:TrackPointExtension><gpxtpx:hr>141</gpxtpx:hr></gpxtpx:TrackPointExtension></extensions></trkpt>
    <trkpt lat="47.620515" lon="-122.373828"><ele>23.2</ele><time>2026-01-01T08:47:54Z</time><extensions><gpxtpx:TrackPointExtension><gpxtpx:hr>138</gpxtpx:hr></gpxtpx:TrackPointExtension></extensions></trkpt>
    <trkpt lat="47.620445" lon="-122.373884"><ele>23.2</ele><time>2026-01-01T08:47:57Z</time><extensions><gpxtpx:TrackPointExtension><gpxtpx:hr>138</gpxtpx:hr></gpxtpx:TrackPointExtension></extensions></trkpt>
    <trkpt lat="47.620381" lon="-122.373935"><ele>23.0</ele><time>2026-01-01T08:48:00Z</time><extensions><gpxtpx:TrackPointExtension><gpxtpx:hr>141</gpxtpx:hr></gpxtpx:TrackPointExtension></extensions></trkpt>
    <trkpt lat="47.620315" lon="-122.373986"><ele>23.2</ele><time>2026-01-01T08:48:03Z</time><extensions><gpxtpx:TrackPointExtension><gpxtpx:hr>141</gpxtpx:hr></gpxtpx:TrackPointExtension></extensions></trkpt>
    <trkpt lat="47.620252" lon="-122.374033"><ele>22.7</ele><time>2026-01-01T08:48:06Z</time><extensions><gpxtpx:TrackPointExtension><gpxtpx:hr>140</gpxtpx:hr></gpxtpx:TrackPointExtension></extensions></trkpt>
    <trkpt lat="47.620186" lon="-122.374081"><ele>22.9</ele><time>2026-01-01T08:48:09Z</time><extensions><gpxtpx:TrackPointExtension><gpxtpx:hr>138</gpxtpx:hr></gpxtpx:TrackPointExtension></extensions></trkpt>
    <trkpt lat="47.620114" lon="-122.374131"><ele>23.3</ele><time>2026-01-01T08:48:12Z</time><extensions><gpxtpx:TrackPointExtension><gpxtpx:hr>142</gpxtpx:hr></gpxtpx:TrackPointExtension></extensions></trkpt>
    <trkpt lat="47.620042" lon="-122.374181"><ele>23.1</ele><time>2026-01-01T08:48:15Z</time><extensions><gpxtpx:TrackPointExtension><gpxtpx:hr>140</gpxtpx:hr></gpxtpx:TrackPointExtension></extensions></trkpt>
    <trkpt lat="47.619977" lon="-122.374224"><ele>22.9</ele><time>2026-01-01T08:48:18Z</time><extensions><gpxtpx:TrackPointExtension><gpxtpx:hr>138</gpxtpx:hr></gpxtpx:TrackPointExtension></extensions></trkpt>
    <trkpt lat="47.619912" lon="-122.374265"><ele>22.8</ele><time>2026-01-01T08:48:21Z</time><extensions><gpxtpx:TrackPointExtension><gpxtpx:hr>141</gpxtpx:hr></gpxtpx:TrackPointExtension></extensions></trkpt>
    <trkpt lat="47.619846" lon="-122.374306"><ele>22.9</ele><time>2026-01-01T08:48:24Z</time><extensions><gpxtpx:TrackPointExtension><gpxtpx:hr>137</gpxtpx:hr></gpxtpx:TrackPointExtension></extensions></trkpt>
    <trkpt lat="47.619775" lon="-122.374349"><ele>23.1</ele><time>2026-01-01T08:48:27Z</time><extensions><gpxtpx:TrackPointExtension><gpxtpx:hr>137</gpxtpx:hr></gpxtpx:TrackPointExtension></extensions></trkpt>
    <trkpt lat="47.619707" lon="-122.374388"><ele>23.0</ele><time>2026-01-01T08:48:30Z</time><extensions><gpxtpx:TrackPointExtension><gpxtpx:hr>136</gpxtpx:hr></gpxtpx:TrackPointExtension></extensions></trkpt>
    <trkpt lat="47.619638" lon="-122.374426"><ele>23.2</ele><time>2026-01-01T08:48:33Z</time><extensions><gpxtpx:TrackPointExtension><gpxtpx:hr>138</gpxtpx:hr></gpxtpx:TrackPointExtension></extensions></trkpt>
    <trkpt lat="47.619566" lon="-122.374465"><ele>23.4</ele><time>2026-01-01T08:48:36Z</time><extensions><gpxtpx:TrackPointExtension><gpxtpx:hr>140</gpxtpx:hr></gpxtpx:TrackPointExtension></extensions></trkpt>
    <trkpt lat="47.619495" lon="-122.374501"><ele>23.4</ele><time>2026-01-01T08:48:39Z</time><extensions><gpxtpx:TrackPointExtension><gpxtpx:hr>139</gpxtpx:hr></gpxtpx:TrackPointExtension></extensions></trkpt>
    <trkpt lat="47.619423" lon="-122.374537"><ele>23.5</ele><time>2026-01-01T08:48:42Z</time><extensions><gpxtpx:TrackPointExtension><gpxtpx:hr>142</gpxtpx:hr></gpxtpx:TrackPointExtension></extensions></trkpt>
    <trkpt lat="47.619353" lon="-122.37457"><ele>23.6</ele><time>2026-01-01T08:48:45Z</time><extensions><gpxtpx:TrackPointExtension><gpxtpx:hr>138</gpxtpx:hr></gpxtpx:TrackPointExtension></extensions></trkpt>
    <trkpt lat="47.619281" lon="-122.374603"><ele>23.7</ele><time>2026-01-01T08:48:48Z</time><extensions><gpxtpx:TrackPointExtension><gpxtpx:hr>135</gpxtpx:hr></gpxtpx:TrackPointExtension></extensions></trkpt>
    <trkpt lat="47.619213" lon="-122.374633"><ele>23.0</ele><time>2026-01-01T08:48:51Z</time><extensions><gpxtpx:TrackPointExtension><gpxtpx:hr>141</gpxtpx:hr></gpxtpx:TrackPointExtension></extensions></trkpt>
    <trkpt lat="47.619144" lon="-122.374662"><ele>23.4</ele><time>2026-01-01T08:48:54Z</time><extensions><gpxtpx:TrackPointExtension><gpxtpx:hr>137</gpxtpx:hr></gpxtpx:TrackPointExtension></extensions></trkpt>
    <trkpt lat="47.619075" lon="-122.374689"><ele>23.2</ele><time>2026-01-01T08:48:57Z</time><extensions><gpxtpx:TrackPointExtension><gpxtpx:hr>139</gpxtpx:hr></gpxtpx:TrackPointExtension></extensions></trkpt>
    <trkpt lat="47.619" lon="-122.374717"><ele>23.5</ele><time>2026-01-01T08:49:00Z</time><extensions><gpxtpx:TrackPointExtension><gpxtpx:hr>136</gpxtpx:hr></gpxtpx:TrackPointExtension></extensions></trkpt>
    <trkpt lat="47.618929" lon="-122.374743"><ele>23.6</ele><time>2026-01-01T08:49:03Z</time><extensions><gpxtpx:TrackPointExtension><gpxtpx:hr>139</gpxtpx:hr></gpxtpx:TrackPointExtension></extensions></trkpt>
    <trkpt lat="47.618852" lon="-122.374769"><ele>23.6</ele><time>2026-01-01T08:49:06Z</time><extensions><gpxtpx:TrackPointExtension><gpxtpx:hr>136</gpxtpx:hr></gpxtpx:TrackPointExtension></extensions></trkpt>
    <trkpt lat="47.618783" lon="-122.374791"><ele>23.3</ele><time>2026-01-01T08:49:09Z</time><extensions><gpxtpx:TrackPointExtension><gpxtpx:hr>141</gpxtpx:hr></gpxtpx:TrackPointExtension></extensions></trkpt>
    <trkpt lat="47.618712" lon="-122.374812"><ele>23.9</ele><time>2026-01-01T08:49:12Z</time><extensions><gpxtpx:TrackPointExtension><gpxtpx:hr>139</gpxtpx:hr></gpxtpx:TrackPointExtension></extensions></trkpt>
    <trkpt lat="47.618642" lon="-122.374832"><ele>23.8</ele><time>2026-01-01T08:49:15Z</time><extensions><gpxtpx:TrackPointExtension><gpxtpx:hr>136</gpxtpx:hr></gpxtpx:TrackPointExtension></extensions></trkpt>
    <trkpt lat="47.618563" lon="-122.374853"><ele>23.4</ele><time>2026-01-01T08:49:18Z</time><extensions><gpxtpx:TrackPointExtension><gpxtpx:hr>138</gpxtpx:hr></gpxtpx:TrackPointExtension></extensions></trkpt>
    <trkpt lat="47.618485" lon="-122.374872"><ele>23.6</ele><time>2026-01-01T08:49:21Z</time><extensions><gpxtpx:TrackPointExtension><gpxtpx:hr>139</gpxtpx:hr></gpxtpx:TrackPointExtension></extensions></trkpt>
    <trkpt lat="47.61841" lon="-122.374889"><ele>24.3</ele><time>2026-01-01T08:49:24Z</time><extensions><gpxtpx:TrackPointExtension><gpxtpx:hr>134</gpxtpx:hr></gpxtpx:TrackPointExtension></extensions></trkpt>
    <trkpt lat="47.618333" lon="-122.374905"><ele>23.8</ele><time>2026-01-01T08:49:27Z</time><extensions><gpxtpx:TrackPointExtension><gpxtpx:hr>140</gpxtpx:hr></gpxtpx:TrackPointExtension></extensions></trkpt>
    <trkpt lat="47.618258" lon="-122.374919"><ele>23.6</ele><time>2026-01-01T08:49:30Z</time><extensions><gpxtpx:TrackPointExtension><gpxtpx:hr>135</gpxtpx:hr></gpxtpx:TrackPointExtension></extensions></trkpt>
    <trkpt lat="47.618186" lon="-122.374931"><ele>24.1</ele><time>2026-01-01T08:49:33Z</time><extensions><gpxtpx:TrackPointExtension><gpxtpx:hr>137</gpxtpx:hr></gpxtpx:TrackPointExtension></extensions></trkpt>
    <trkpt lat="47.618106" lon="-122.374943"><ele>24.1</ele><time>2026-01-01T08:49:36Z</time><extensions><gpxtpx:TrackPointExtension><gpxtpx:hr>140</gpxtpx:hr></gpxtpx:TrackPointExtension></extensions></trkpt>
    <trkpt lat="47.61803" lon="-122.374953"><ele>24.1</ele><time>2026-01-01T08:49:39Z</time><extensions><gpxtpx:TrackPointExtension><gpxtpx:hr>140</gpxtpx:hr></gpxtpx:TrackPointExtension></extensions></trkpt>
    <trkpt lat="47.617956" lon="-122.374961"><ele>23.9</ele><time>2026-01-01T08:49:42Z</time><extensions><gpxtpx:TrackPointExtension><gpxtpx:hr>140</gpxtpx:hr></gpxtpx:TrackPointExtension></extensions></trkpt>
    <trkpt lat="47.617883" lon="-122.374968"><ele>23.9</ele><time>2026-01-01T08:49:45Z</time><extensions><gpxtpx:TrackPointExtension><gpxtpx:hr>139</gpxtpx:hr></gpxtpx:TrackPointExtension></extensions></trkpt>
    <trkpt lat="47.617803" lon="-122.374974"><ele>24.5</ele><time>2026-01-01T08:49:48Z</time><extensions><gpxtpx:TrackPointExtension><gpxtpx:hr>140</gpxtpx:hr></gpxtpx:TrackPointExtension></extensions></trkpt>
    <trkpt lat="47.617724" lon="-122.374978"><ele>24.6</ele><time>2026-01-01T08:49:51Z</time><extensions><gpxtpx:TrackPointExtension><gpxtpx:hr>134</gpxtpx:hr></gpxtpx:TrackPointExtension></extensions></trkpt>
    <trkpt lat="47.617651" lon="-122.374981"><ele>24.1</ele><time>2026-01-01T08:49:54Z</time><extensions><gpxtpx:TrackPointExtension><gpxtpx:hr>137</gpxtpx:hr></gpxtpx:TrackPointExtension></extensions></trkpt>
    <trkpt lat="47.617573" lon="-122.374982"><ele>24.0</ele><time>2026-01-01T08:49:57Z</time><extensions><gpxtpx:TrackPointExtension><gpxtpx:hr>135</gpxtpx:hr></gpxtpx:TrackPointExtension></extensions></trkpt>
    <trkpt lat="47.617502" lon="-122.374982"><ele>24.2</ele><time>2026-01-01T08:50:00Z</time><extensions><gpxtpx:TrackPointExtension><gpxtpx:hr>135</gpxtpx:hr></gpxtpx:TrackPointExtension></extensions></trkpt>
    <trkpt lat="47.617427" lon="-122.374981"><ele>24.1</ele><time>2026-01-01T08:50:03Z</time><extensions><gpxtpx:TrackPointExtension><gpxtpx:hr>138</gpxtpx:hr></gpxtpx:TrackPointExtension></extensions></trkpt>
    <trkpt lat="47.617351" lon="-122.374978"><ele>24.3</ele><time>2026-01-01T08:50:06Z</time><extensions><gpxtpx:TrackPointExtension><gpxtpx:hr>134</gpxtpx:hr></gpxtpx:TrackPointExtension></extensions></trkpt>
    <trkpt lat="47.617274" lon="-122.374974"><ele>24.7</ele><time>2026-01-01T08:50:09Z</time><extensions><gpxtpx:TrackPointExtension><gpxtpx:hr>138</gpxtpx:hr></gpxtpx:TrackPointExtension></extensions></trkpt>
    <trkpt lat="47.617203" lon="-122.374968"><ele>24.3</ele><time>2026-01-01T08:50:12Z</time><extensions><gpxtpx:TrackPointExtension><gpxtpx:hr>133</gpxtpx:hr></gpxtpx:TrackPointExtension></extensions></trkpt>
    <trkpt lat="47.617123" lon="-122.374961"><ele>24.6</ele><time>2026-01-01T08:50:15Z</time><extensions><gpxtpx:TrackPointExtension><gpxtpx:hr>133</gpxtpx:hr></gpxtpx:TrackPointExtension></extensions></trkpt>
    <trkpt lat="47.617044" lon="-122.374952"><ele>24.7</ele><time>2026-01-01T08:50:18Z</time><extensions><gpxtpx:TrackPointExtension><gpxtpx:hr>139</gpxtpx:hr></gpxtpx:TrackPointExtension></extensions></trkpt>
    <trkpt lat="47.616965" lon="-122.374942"><ele>24.4</ele><time>2026-01-01T08:50:21Z</time><extensions><gpxtpx:TrackPointExtension><gpxtpx:hr>138</gpxtpx:hr></gpxtpx:TrackPointExtension></extensions></trkpt>
    <trkpt lat="47.616887" lon="-122.37493"><ele>24.8</ele><time>2026-01-01T08:50:24Z</time><extensions><gpxtpx:TrackPointExtension><gpxtpx:hr>134</gpxtpx:hr></gpxtpx:TrackPointExtension></extensions></trkpt>
    <trkpt lat="47.616813" lon="-122.374917"><ele>25.0</ele><time>2026-01-01T08:50:27Z</time><extensions><gpxtpx:TrackPointExtension><gpxtpx:hr>139</gpxtpx:hr></gpxtpx:TrackPointExtension></extensions></trkpt>
    <trkpt lat="47.616743" lon="-122.374904"><ele>24.5</ele><time>2026-01-01T08:50:30Z</time><extensions><gpxtpx:TrackPointExtension><gpxtpx:hr>139</gpxtpx:hr></gpxtpx:TrackPointExtension></extensions></trkpt>
    <trkpt lat="47.616672" lon="-122.374889"><ele>24.7</ele><time>2026-01-01T08:50:33Z</time><extensions><gpxtpx:TrackPointExtension><gpxtpx:hr>134</gpxtpx:hr></gpxtpx:TrackPointExtension></extensions></trkpt>
    <trkpt lat="47.616596" lon="-122.374871"><ele>24.8</ele><time>2026-01-01T08:50:36Z</time><extensions><gpxtpx:TrackPointExtension><gpxtpx:hr>138</gpxtpx:hr></gpxtpx:TrackPointExtension></extensions></trkpt>
    <trkpt lat="47.616526" lon="-122.374854"><ele>25.3</ele><time>2026-01-01T08:50:39Z</time><extensions><gpxtpx:TrackPointExtension><gpxtpx:hr>134</gpxtpx:hr></gpxtpx:TrackPointExtension></extensions></trkpt>
    <trkpt lat="47.616453" lon="-122.374834"><ele>25.0</ele><time>2026-01-01T08:50:42Z</time><extensions><gpxtpx:TrackPointExtension><gpxtpx:hr>134</gpxtpx:hr></gpxtpx:TrackPointExtension></extensions></trkpt>
    <trkpt lat="47.616376" lon="-122.374812"><ele>25.2</ele><time>2026-01-01T08:50:45Z</time><extensions><gpxtpx:TrackPointExtension><gpxtpx:hr>137</gpxtpx:hr></gpxtpx:TrackPointExtension></extensions></trkpt>
    <trkpt lat="47.616305" lon="-122.37479"><ele>24.8</ele><time>2026-01-01T08:50:48Z</time><extensions><gpxtpx:TrackPointExtension><gpxtpx:hr>135</gpxtpx:hr></gpxtpx:TrackPointExtension></extensions></trkpt>
    <trkpt lat="47.616234" lon="-122.374767"><ele>25.0</ele><time>2026-01-01T08:50:51Z</time><extensions><gpxtpx:TrackPointExtension><gpxtpx:hr>137</gpxtpx:hr></gpxtpx:TrackPointExtension></extensions></trkpt>
    <trkpt lat="47.616159" lon="-122.374741"><ele>25.0</ele><time>2026-01-01T08:50:54Z</time><extensions><gpxtpx:TrackPointExtension><gpxtpx:hr>135</gpxtpx:hr></gpxtpx:TrackPointExtension></extensions></trkpt>
    <trkpt lat="47.616081" lon="-122.374712"><ele>25.5</ele><time>2026-01-01T08:50:57Z</time><extensions><gpxtpx:TrackPointExtension><gpxtpx:hr>134</gpxtpx:hr></gpxtpx:TrackPointExtension></extensions></trkpt>
    <trkpt lat="47.616012" lon="-122.374685"><ele>25.8</ele><time>2026-01-01T08:51:00Z</time><extensions><gpxtpx:TrackPointExtension><gpxtpx:hr>138</gpxtpx:hr></gpxtpx:TrackPointExtension></extensions></trkpt>
    <trkpt lat="47.615937" lon="-122.374654"><ele>25.4</ele><time>2026-01-01T08:51:03Z</time><extensions><gpxtpx:TrackPointExtension><gpxtpx:hr>135</gpxtpx:hr></gpxtpx:TrackPointExtension></extensions></trkpt>
    <trkpt lat="47.615862" lon="-122.374622"><ele>25.7</ele><time>2026-01-01T08:51:06Z</time><extensions><gpxtpx:TrackPointExtension><gpxtpx:hr>138</gpxtpx:hr></gpxtpx:TrackPointExtension></extensions></trkpt>
    <trkpt lat="47.615793" lon="-122.374591"><ele>25.5</ele><time>2026-01-01T08:51:09Z</time><extensions><gpxtpx:TrackPointExtension><gpxtpx:hr>135</gpxtpx:hr></gpxtpx:TrackPointExtension></extensions></trkpt>
    <trkpt lat="47.615717" lon="-122.374555"><ele>25.6</ele><time>2026-01-01T08:51:12Z</time><extensions><gpxtpx:TrackPointExtension><gpxtpx:hr>134</gpxtpx:hr></gpxtpx:TrackPointExtension></extensions></trkpt>
    <trkpt lat="47.615649" lon="-122.374521"><ele>26.1</ele><time>2026-01-01T08:51:15Z</time><extensions><gpxtpx:TrackPointExtension><gpxtpx:hr>138</gpxtpx:hr></gpxtpx:TrackPointExtension></extensions></trkpt>
    <trkpt lat="47.615581" lon="-122.374486"><ele>25.8</ele><time>2026-01-01T08:51:18Z</time><extensions><gpxtpx:TrackPointExtension><gpxtpx:hr>134</gpxtpx:hr></gpxtpx:TrackPointExtension></extensions></trkpt>
    <trkpt lat="47.615511" lon="-122.374448"><ele>26.2</ele><time>2026-01-01T08:51:21Z</time><extensions><gpxtpx:TrackPointExtension><gpxtpx:hr>133</gpxtpx:hr></gpxtpx:TrackPointExtension></extensions></trkpt>
    <trkpt lat="47.615438" lon="-122.374407"><ele>25.6</ele><time>2026-01-01T08:51:24Z</time><extensions><gpxtpx:TrackPointExtension><gpxtpx:hr>132</gpxtpx:hr></gpxtpx:TrackPointExtension></extensions></trkpt>
    <trkpt lat="47.615369" lon="-122.374367"><ele>25.9</ele><time>2026-01-01T08:51:27Z</time><extensions><gpxtpx:TrackPointExtension><gpxtpx:hr>135</gpxtpx:hr></gpxtpx:TrackPointExtension></extensions></trkpt>
    <trkpt lat="47.615298" lon="-122.374323"><ele>25.7</ele><time>2026-01-01T08:51:30Z</time><extensions><gpxtpx:TrackPointExtension><gpxtpx:hr>133</gpxtpx:hr></gpxtpx:TrackPointExtension></extensions></trkpt>
    <trkpt lat="47.615225" lon="-122.374278"><ele>26.3</ele><time>2026-01-01T08:51:33Z</time><extensions><gpxtpx:TrackPointExtension><gpxtpx:hr>135</gpxtpx:hr></gpxtpx:TrackPointExtension></extensions></trkpt>
    <trkpt lat="47.615152" lon="-122.37423"><ele>26.3</ele><time>2026-01-01T08:51:36Z</time><extensions><gpxtpx:TrackPointExtension><gpxtpx:hr>138</gpxtpx:hr></gpxtpx:TrackPointExtension></extensions></trkpt>
    <trkpt lat="47.615081" lon="-122.374182"><ele>26.2</ele><time>2026-01-01T08:51:39Z</time><extensions><gpxtpx:TrackPointExtension><gpxtpx:hr>133</gpxtpx:hr></gpxtpx:TrackPointExtension></extensions></trkpt>
    <trkpt lat="47.615018" lon="-122.374138"><ele>26.4</ele><time>2026-01-01T08:51:42Z</time><extensions><gpxtpx:TrackPointExtension><gpxtpx:hr>138</gpxtpx:hr></gpxtpx:TrackPointExtension></extensions></trkpt>
    <trkpt lat="47.614946" lon="-122.374086"><ele>26.6</ele><time>2026-01-01T08:51:45Z</time><extensions><gpxtpx:TrackPointExtension><gpxtpx:hr>134</gpxtpx:hr></gpxtpx:TrackPointExtension></extensions></trkpt>
    <trkpt lat="47.614875" lon="-122.374033"><ele>26.4</ele><time>2026-01-01T08:51:48Z</time><extensions><gpxtpx:TrackPointExtension><gpxtpx:hr>136</gpxtpx:hr></gpxtpx:TrackPointExtension></extensions></trkpt>
    <trkpt lat="47.614805" lon="-122.373978"><ele>26.7</ele><time>2026-01-01T08:51:51Z</time><extensions><gpxtpx:TrackPointExtension><gpxtpx:hr>138</gpxtpx:hr></gpxtpx:TrackPointExtension></extensions></trkpt>
    <trkpt lat="47.614742" lon="-122.373928"><ele>26.1</ele><time>2026-01-01T08:51:54Z</time><extensions><gpxtpx:TrackPointExtension><gpxtpx:hr>138</gpxtpx:hr></gpxtpx:TrackPointExtension></extensions></trkpt>
    <trkpt lat="47.614674" lon="-122.373872"><ele>26.3</ele><time>2026-01-01T08:51:57Z</time><extensions><gpxtpx:TrackPointExtension><gpxtpx:hr>136</gpxtpx:hr></gpxtpx:TrackPointExtension></extensions></trkpt>
    <trkpt lat="47.614613" lon="-122.37382"><ele>26.7</ele><time>2026-01-01T08:52:00Z</time><extensions><gpxtpx:TrackPointExtension><gpxtpx:hr>134</gpxtpx:hr></gpxtpx:TrackPointExtension></extensions></trkpt>
    <trkpt lat="47.614549" lon="-122.373764"><ele>26.6</ele><time>2026-01-01T08:52:03Z</time><extensions><gpxtpx:TrackPointExtension><gpxtpx:hr>133</gpxtpx:hr></gpxtpx:TrackPointExtension></extensions></trkpt>
    <trkpt lat="47.61448" lon="-122.373702"><ele>27.1</ele><time>2026-01-01T08:52:06Z</time><extensions><gpxtpx:TrackPointExtension><gpxtpx:hr>137</gpxtpx:hr></gpxtpx:TrackPointExtension></extensions></trkpt>
    <trkpt lat="47.614415" lon="-122.37364"><ele>27.2</ele><time>2026-01-01T08:52:09Z</time><extensions><gpxtpx:TrackPointExtension><gpxtpx:hr>132</gpxtpx:hr></gpxtpx:TrackPointExtension></extensions></trkpt>
    <trkpt lat="47.614349" lon="-122.373577"><ele>26.9</ele><time>2026-01-01T08:52:12Z</time><extensions><gpxtpx:TrackPointExtension><gpxtpx:hr>137</gpxtpx:hr></gpxtpx:TrackPointExtension></extensions></trkpt>
    <trkpt lat="47.614286" lon="-122.373515"><ele>26.6</ele><time>2026-01-01T08:52:15Z</time><extensions><gpxtpx:TrackPointExtension><gpxtpx:hr>132</gpxtpx:hr></gpxtpx:TrackPointExtension></extensions></trkpt>
    <trkpt lat="47.614221" lon="-122.373449"><ele>27.0</ele><time>2026-01-01T08:52:18Z</time><extensions><gpxtpx:TrackPointExtension><gpxtpx:hr>133</gpxtpx:hr></gpxtpx:TrackPointExtension></extensions></trkpt>
    <trkpt lat="47.614161" lon="-122.373387"><ele>27.2</ele><time>2026-01-01T08:52:21Z</time><extensions><gpxtpx:TrackPointExtension><gpxtpx:hr>132</gpxtpx:hr></gpxtpx:TrackPointExtension></extensions></trkpt>
    <trkpt lat="47.614096" lon="-122.373316"><ele>26.9</ele><time>2026-01-01T08:52:24Z</time><extensions><gpxtpx:TrackPointExtension><gpxtpx:hr>134</gpxtpx:hr></gpxtpx:TrackPointExtension></extensions></trkpt>
    <trkpt lat="47.614032" lon="-122.373245"><ele>27.5</ele><time>2026-01-01T08:52:27Z</time><extensions><gpxtpx:TrackPointExtension><gpxtpx:hr>137</gpxtpx:hr></gpxtpx:TrackPointExtension></extensions></trkpt>
    <trkpt lat="47.613975" lon="-122.373181"><ele>27.2</ele><time>2026-01-01T08:52:30Z</time><extensions><gpxtpx:TrackPointExtension><gpxtpx:hr>135</gpxtpx:hr></gpxtpx:TrackPointExtension></extensions></trkpt>
    <trkpt lat="47.613914" lon="-122.373109"><ele>27.7</ele><time>2026-01-01T08:52:33Z</time><extensions><gpxtpx:TrackPointExtension><gpxtpx:hr>134</gpxtpx:hr></gpxtpx:TrackPointExtension></extensions></trkpt>
    <trkpt lat="47.613854" lon="-122.373037"><ele>27.2</ele><time>2026-01-01T08:52:36Z</time><extensions><gpxtpx:TrackPointExtension><gpxtpx:hr>135</gpxtpx:hr></gpxtpx:TrackPointExtension></extensions></trkpt>
    <trkpt lat="47.613798" lon="-122.372967"><ele>27.3</ele><time>2026-01-01T08:52:39Z</time><extensions><gpxtpx:TrackPointExtension><gpxtpx:hr>135</gpxtpx:hr></gpxtpx:TrackPointExtension></extensions></trkpt>
    <trkpt lat="47.613745" lon="-122.372899"><ele>27.8</ele><time>2026-01-01T08:52:42Z</time><extensions><gpxtpx:TrackPointExtension><gpxtpx:hr>136</gpxtpx:hr></gpxtpx:TrackPointExtension></extensions></trkpt>
    <trkpt lat="47.613692" lon="-122.37283"><ele>27.9</ele><time>2026-01-01T08:52:45Z</time><extensions><gpxtpx:TrackPointExtension><gpxtpx:hr>138</gpxtpx:hr></gpxtpx:TrackPointExtension></extensions></trkpt>
    <trkpt lat="47.613634" lon="-122.372753"><ele>27.9</ele><time>2026-01-01T08:52:48Z</time><extensions><gpxtpx:TrackPointExtension><gpxtpx:hr>136</gpxtpx:hr></gpxtpx:TrackPointExtension></extensions></trkpt>
    <trkpt lat="47.613582" lon="-122.37268"><ele>28.0</ele><time>2026-01-01T08:52:51Z</time><extensions><gpxtpx:TrackPointExtension><gpxtpx:hr>138</gpxtpx:hr></gpxtpx:TrackPointExtension></extensions></trkpt>
    <trkpt lat="47.613528" lon="-122.372604"><ele>27.6</ele><time>2026-01-01T08:52:54Z</time><extensions><gpxtpx:TrackPointExtension><gpxtpx:hr>134</gpxtpx:hr></gpxtpx:TrackPointExtension></extensions></trkpt>
    <trkpt lat="47.613477" lon="-122.372529"><ele>27.8</ele><time>2026-01-01T08:52:57Z</time><extensions><gpxtpx:TrackPointExtension><gpxtpx:hr>138</gpxtpx:hr></gpxtpx:TrackPointExtension></extensions></trkpt>
    <trkpt lat="47.613425" lon="-122.372451"><ele>28.1</ele><time>2026-01-01T08:53:00Z</time><extensions><gpxtpx:TrackPointExtension><gpxtpx:hr>135</gpxtpx:hr></gpxtpx:TrackPointExtension></extensions></trkpt>
    <trkpt lat="47.613372" lon="-122.37237"><ele>28.3</ele><time>2026-01-01T08:53:03Z</time><extensions><gpxtpx:TrackPointExtension><gpxtpx:hr>137</gpxtpx:hr></gpxtpx:TrackPointExtension></extensions></trkpt>
    <trkpt lat="47.613322" lon="-122.37229"><ele>28.0</ele><time>2026-01-01T08:53:06Z</time><extensions><gpxtpx:TrackPointExtension><gpxtpx:hr>135</gpxtpx:hr></gpxtpx:TrackPointExtension></extensions></trkpt>
    <trkpt lat="47.613271" lon="-122.372207"><ele>28.4</ele><time>2026-01-01T08:53:09Z</time><extensions><gpxtpx:TrackPointExtension><gpxtpx:hr>133</gpxtpx:hr></gpxtpx:TrackPointExtension></extensions></trkpt>
    <trkpt lat="47.613223" lon="-122.372127"><ele>28.3</ele><time>2026-01-01T08:53:12Z</time><extensions><gpxtpx:TrackPointExtension><gpxtpx:hr>136</gpxtpx:hr></gpxtpx:TrackPointExtension></extensions></trkpt>
    <trkpt lat="47.613172" lon="-122.37204"><ele>28.1</ele><time>2026-01-01T08:53:15Z</time><extensions><gpxtpx:TrackPointExtension><gpxtpx:hr>132</gpxtpx:hr></gpxtpx:TrackPointExtension></extensions></trkpt>
    <trkpt lat="47.613123" lon="-122.371952"><ele>28.0</ele><time>2026-01-01T08:53:18Z</time><extensions><gpxtpx:TrackPointExtension><gpxtpx:hr>135</gpxtpx:hr></gpxtpx:TrackPointExtension></extensions></trkpt>
    <trkpt lat="47.613074" lon="-122.371864"><ele>28.7</ele><time>2026-01-01T08:53:21Z</time><extensions><gpxtpx:TrackPointExtension><gpxtpx:hr>137</gpxtpx:hr></gpxtpx:TrackPointExtension></extensions></trkpt>
    <trkpt lat="47.613028" lon="-122.371776"><ele>28.5</ele><time>2026-01-01T08:53:24Z</time><extensions><gpxtpx:TrackPointExtension><gpxtpx:hr>133</gpxtpx:hr></gpxtpx:TrackPointExtension></extensions></trkpt>
    <trkpt lat="47.612979" lon="-122.371682"><ele>28.5</ele><time>2026-01-01T08:53:27Z</time><extensions><gpxtpx:TrackPointExtension><gpxtpx:hr>137</gpxtpx:hr></gpxtpx:TrackPointExtension></extensions></trkpt>
    <trkpt lat="47.612935" lon="-122.371596"><ele>28.5</ele><time>2026-01-01T08:53:30Z</time><extensions><gpxtpx:TrackPointExtension><gpxtpx:hr>133</gpxtpx:hr></gpxtpx:TrackPointExtension></extensions></trkpt>
    <trkpt lat="47.612893" lon="-122.371511"><ele>28.6</ele><time>2026-01-01T08:53:33Z</time><extensions><gpxtpx:TrackPointExtension><gpxtpx:hr>137</gpxtpx:hr></gpxtpx:TrackPointExtension></extensions></trkpt>
    <trkpt lat="47.612849" lon="-122.371418"><ele>29.1</ele><time>2026-01-01T08:53:36Z</time><extensions><gpxtpx:TrackPointExtension><gpxtpx:hr>132</gpxtpx:hr></gpxtpx:TrackPointExtension></extensions></trkpt>
    <trkpt lat="47.612806" lon="-122.371325"><ele>28.6</ele><time>2026-01-01T08:53:39Z</time><extensions><gpxtpx:TrackPointExtension><gpxtpx:hr>138</gpxtpx:hr></gpxtpx:TrackPointExtension></extensions></trkpt>
    <trkpt lat="47.612764" lon="-122.371231"><ele>28.7</ele><time>2026-01-01T08:53:42Z</time><extensions><gpxtpx:TrackPointExtension><gpxtpx:hr>132</gpxtpx:hr></gpxtpx:TrackPointExtension></extensions></trkpt>
    <trkpt lat="47.612722" lon="-122.371133"><ele>29.1</ele><time>2026-01-01T08:53:45Z</time><extensions><gpxtpx:TrackPointExtension><gpxtpx:hr>132</gpxtpx:hr></gpxtpx:TrackPointExtension></extensions></trkpt>
    <trkpt lat="47.61268" lon="-122.371035"><ele>29.4</ele><time>2026-01-01T08:53:48Z</time><extensions><gpxtpx:TrackPointExtension><gpxtpx:hr>133</gpxtpx:hr></gpxtpx:TrackPointExtension></extensions></trkpt>
    <trkpt lat="47.612638" lon="-122.370933"><ele>29.4</ele><time>2026-01-01T08:53:51Z</time><extensions><gpxtpx:TrackPointExtension><gpxtpx:hr>138</gpxtpx:hr></gpxtpx:TrackPointExtension></extensions></trkpt>
    <trkpt lat="47.6126" lon="-122.370837"><ele>29.6</ele><time>2026-01-01T08:53:54Z</time><extensions><gpxtpx:TrackPointExtension><gpxtpx:hr>136</gpxtpx:hr></gpxtpx:TrackPointExtension></extensions></trkpt>
    <trkpt lat="47.612564" lon="-122.370742"><ele>29.7</ele><time>2026-01-01T08:53:57Z</time><extensions><gpxtpx:TrackPointExtension><gpxtpx:hr>138</gpxtpx:hr></gpxtpx:TrackPointExtension></extensions></trkpt>
    <trkpt lat="47.612528" lon="-122.370645"><ele>29.7</ele><time>2026-01-01T08:54:00Z</time><extensions><gpxtpx:TrackPointExtension><gpxtpx:hr>133</gpxtpx:hr></gpxtpx:TrackPointExtension></extensions></trkpt>
    <trkpt lat="47.612492" lon="-122.370546"><ele>29.5</ele><time>2026-01-01T08:54:03Z</time><extensions><gpxtpx:TrackPointExtension><gpxtpx:hr>137</gpxtpx:hr></gpxtpx:TrackPointExtension></extensions></trkpt>
    <trkpt lat="47.61246" lon="-122.370453"><ele>29.9</ele><time>2026-01-01T08:54:06Z</time><extensions><gpxtpx:TrackPointExtension><gpxtpx:hr>132</gpxtpx:hr></gpxtpx:TrackPointExtension></extensions></trkpt>
    <trkpt lat="47.612424" lon="-122.370346"><ele>29.4</ele><time>2026-01-01T08:54:09Z</time><extensions><gpxtpx:TrackPointExtension><gpxtpx:hr>135</gpxtpx:hr></gpxtpx:TrackPointExtension></extensions></trkpt>
    <trkpt lat="47.612391" lon="-122.370244"><ele>29.8</ele><time>2026-01-01T08:54:12Z</time><extensions><gpxtpx:TrackPointExtension><gpxtpx:hr>132</gpxtpx:hr></gpxtpx:TrackPointExtension></extensions></trkpt>
    <trkpt lat="47.612358" lon="-122.37014"><ele>29.5</ele><time>2026-01-01T08:54:15Z</time><extensions><gpxtpx:TrackPointExtension><gpxtpx:hr>138</gpxtpx:hr></gpxtpx:TrackPointExtension></extensions></trkpt>
    <trkpt lat="47.612329" lon="-122.370044"><ele>29.8</ele><time>2026-01-01T08:54:18Z</time><extensions><gpxtpx:TrackPointExtension><gpxtpx:hr>135</gpxtpx:hr></gpxtpx:TrackPointExtension></extensions></trkpt>
    <trkpt lat="47.612299" lon="-122.369939"><ele>29.9</ele><time>2026-01-01T08:54:21Z</time><extensions><gpxtpx:TrackPointExtension><gpxtpx:hr>137</gpxtpx:hr></gpxtpx:TrackPointExtension></extensions></trkpt>
    <trkpt lat="47.612269" lon="-122.369833"><ele>30.3</ele><time>2026-01-01T08:54:24Z</time><extensions><gpxtpx:TrackPointExtension><gpxtpx:hr>139</gpxtpx:hr></gpxtpx:TrackPointExtension></extensions></trkpt>
    <trkpt lat="47.612239" lon="-122.369722"><ele>29.8</ele><time>2026-01-01T08:54:27Z</time><extensions><gpxtpx:TrackPointExtension><gpxtpx:hr>137</gpxtpx:hr></gpxtpx:TrackPointExtension></extensions></trkpt>
    <trkpt lat="47.612212" lon="-122.369617"><ele>30.0</ele><time>2026-01-01T08:54:30Z</time><extensions><gpxtpx:TrackPointExtension><gpxtpx:hr>135</gpxtpx:hr></gpxtpx:TrackPointExtension></extensions></trkpt>
    <trkpt lat="47.612186" lon="-122.369511"><ele>30.6</ele><time>2026-01-01T08:54:33Z</time><extensions><gpxtpx:TrackPointExtension><gpxtpx:hr>135</gpxtpx:hr></gpxtpx:TrackPointExtension></extensions></trkpt>
    <trkpt lat="47.612161" lon="-122.369403"><ele>30.7</ele><time>2026-01-01T08:54:36Z</time><extensions><gpxtpx:TrackPointExtension><gpxtpx:hr>133</gpxtpx:hr></gpxtpx:TrackPointExtension></extensions></trkpt>
    <trkpt lat="47.612137" lon="-122.369296"><ele>30.3</ele><time>2026-01-01T08:54:39Z</time><extensions><gpxtpx:TrackPointExtension><gpxtpx:hr>137</gpxtpx:hr></gpxtpx:TrackPointExtension></extensions></trkpt>
    <trkpt lat="47.612115" lon="-122.369193"><ele>30.7</ele><time>2026-01-01T08:54:42Z</time><extensions><gpxtpx:TrackPointExtension><gpxtpx:hr>137</gpxtpx:hr></gpxtpx:TrackPointExtension></extensions></trkpt>
    <trkpt lat="47.612094" lon="-122.369092"><ele>30.6</ele><time>2026-01-01T08:54:45Z</time><extensions><gpxtpx:TrackPointExtension><gpxtpx:hr>134</gpxtpx:hr></gpxtpx:TrackPointExtension></extensions></trkpt>
    <trkpt lat="47.612072" lon="-122.368981"><ele>31.0</ele><time>2026-01-01T08:54:48Z</time><extensions><gpxtpx:TrackPointExtension><gpxtpx:hr>134</gpxtpx:hr></gpxtpx:TrackPointExtension></extensions></trkpt>
    <trkpt lat="47.612052" lon="-122.368871"><ele>30.5</ele><time>2026-01-01T08:54:51Z</time><extensions><gpxtpx:TrackPointExtension><gpxtpx:hr>133</gpxtpx:hr></gpxtpx:TrackPointExtension></extensions></trkpt>
    <trkpt lat="47.612034" lon="-122.368764"><ele>30.9</ele><time>2026-01-01T08:54:54Z</time><extensions><gpxtpx:TrackPointExtension><gpxtpx:hr>136</gpxtpx:hr></gpxtpx:TrackPointExtension></extensions></trkpt>
    <trkpt lat="47.612016" lon="-122.368654"><ele>30.6</ele><time>2026-01-01T08:54:57Z</time><extensions><gpxtpx:TrackPointExtension><gpxtpx:hr>135</gpxtpx:hr></gpxtpx:TrackPointExtension></extensions></trkpt>
    <trkpt lat="47.611999" lon="-122.368545"><ele>31.2</ele><time>2026-01-01T08:55:00Z</time><extensions><gpxtpx:TrackPointExtension><gpxtpx:hr>137</gpxtpx:hr></gpxtpx:TrackPointExtension></extensions></trkpt>
    <trkpt lat="47.611984" lon="-122.368442"><ele>31.1</ele><time>2026-01-01T08:55:03Z</time><extensions><gpxtpx:TrackPointExtension><gpxtpx:hr>134</gpxtpx:hr></gpxtpx:TrackPointExtension></extensions></trkpt>
    <trkpt lat="47.61197" lon="-122.368339"><ele>31.2</ele><time>2026-01-01T08:55:06Z</time><extensions><gpxtpx:TrackPointExtension><gpxtpx:hr>137</gpxtpx:hr></gpxtpx:TrackPointExtension></extensions></trkpt>
    <trkpt lat="47.611956" lon="-122.368225"><ele>31.5</ele><time>2026-01-01T08:55:09Z</time><extensions><gpxtpx:TrackPointExtension><gpxtpx:hr>135</gpxtpx:hr></gpxtpx:TrackPointExtension></extensions></trkpt>
    <trkpt lat="47.611943" lon="-122.368109"><ele>31.5</ele><time>2026-01-01T08:55:12Z</time><extensions><gpxtpx:TrackPointExtension><gpxtpx:hr>138</gpxtpx:hr></gpxtpx:TrackPointExtension></extensions></trkpt>
    <trkpt lat="47.611932" lon="-122.368002"><ele>31.8</ele><time>2026-01-01T08:55:15Z</time><extensions><gpxtpx:TrackPointExtension><gpxtpx:hr>136</gpxtpx:hr></gpxtpx:TrackPointExtension></extensions></trkpt>
    <trkpt lat="47.611922" lon="-122.367898"><ele>31.5</ele><time>2026-01-01T08:55:18Z</time><extensions><gpxtpx:TrackPointExtension><gpxtpx:hr>137</gpxtpx:hr></gpxtpx:TrackPointExtension></extensions></trkpt>
    <trkpt lat="47.611913" lon="-122.367793"><ele>31.3</ele><time>2026-01-01T08:55:21Z</time><extensions><gpxtpx:TrackPointExtension><gpxtpx:hr>137</gpxtpx:hr></gpxtpx:TrackPointExtension></extensions></trkpt>
    <trkpt lat="47.611905" lon="-122.367687"><ele>31.6</ele><time>2026-01-01T08:55:24Z</time><extensions><gpxtpx:TrackPointExtension><gpxtpx:hr>136</gpxtpx:hr></gpxtpx:TrackPointExtension></extensions></trkpt>
    <trkpt lat="47.611898" lon="-122.367576"><ele>31.4</ele><time>2026-01-01T08:55:27Z</time><extensions><gpxtpx:TrackPointExtension><gpxtpx:hr>140</gpxtpx:hr></gpxtpx:TrackPointExtension></extensions></trkpt>
    <trkpt lat="47.611892" lon="-122.367466"><ele>31.9</ele><time>2026-01-01T08:55:30Z</time><extensions><gpxtpx:TrackPointExtension><gpxtpx:hr>139</gpxtpx:hr></gpxtpx:TrackPointExtension></extensions></trkpt>
    <trkpt lat="47.611887" lon="-122.367352"><ele>31.7</ele><time>2026-01-01T08:55:33Z</time><extensions><gpxtpx:TrackPointExtension><gpxtpx:hr>136</gpxtpx:hr></gpxtpx:TrackPointExtension></extensions></trkpt>
    <trkpt lat="47.611883" lon="-122.367244"><ele>31.8</ele><time>2026-01-01T08:55:36Z</time><extensions><gpxtpx:TrackPointExtension><gpxtpx:hr>140</gpxtpx:hr></gpxtpx:TrackPointExtension></extensions></trkpt>
    <trkpt lat="47.61188" lon="-122.367138"><ele>31.8</ele><time>2026-01-01T08:55:39Z</time><extensions><gpxtpx:TrackPointExtension><gpxtpx:hr>138</gpxtpx:hr></gpxtpx:TrackPointExtension></extensions></trkpt>
    <trkpt lat="47.611878" lon="-122.367023"><ele>32.1</ele><time>2026-01-01T08:55:42Z</time><extensions><gpxtpx:TrackPointExtension><gpxtpx:hr>136</gpxtpx:hr></gpxtpx:TrackPointExtension></extensions></trkpt>
    <trkpt lat="47.611877" lon="-122.366917"><ele>32.0</ele><time>2026-01-01T08:55:45Z</time><extensions><gpxtpx:TrackPointExtension><gpxtpx:hr>135</gpxtpx:hr></gpxtpx:TrackPointExtension></extensions></trkpt>
    <trkpt lat="47.611878" lon="-122.366805"><ele>32.7</ele><time>2026-01-01T08:55:48Z</time><extensions><gpxtpx:TrackPointExtension><gpxtpx:hr>141</gpxtpx:hr></gpxtpx:TrackPointExtension></extensions></trkpt>
    <trkpt lat="47.611879" lon="-122.36669"><ele>32.2</ele><time>2026-01-01T08:55:51Z</time><extensions><gpxtpx:TrackPointExtension><gpxtpx:hr>137</gpxtpx:hr></gpxtpx:TrackPointExtension></extensions></trkpt>
    <trkpt lat="47.611881" lon="-122.36658"><ele>32.3</ele><time>2026-01-01T08:55:54Z</time><extensions><gpxtpx:TrackPointExtension><gpxtpx:hr>140</gpxtpx:hr></gpxtpx:TrackPointExtension></extensions></trkpt>
    <trkpt lat="47.611885" lon="-122.366469"><ele>32.9</ele><time>2026-01-01T08:55:57Z</time><extensions><gpxtpx:TrackPointExtension><gpxtpx:hr>136</gpxtpx:hr></gpxtpx:TrackPointExtension></extensions></trkpt>
    <trkpt lat="47.611889" lon="-122.366356"><ele>32.7</ele><time>2026-01-01T08:56:00Z</time><extensions><gpxtpx:TrackPointExtension><gpxtpx:hr>141</gpxtpx:hr></gpxtpx:TrackPointExtension></extensions></trkpt>
    <trkpt lat="47.611895" lon="-122.366239"><ele>32.6</ele><time>2026-01-01T08:56:03Z</time><extensions><gpxtpx:TrackPointExtension><gpxtpx:hr>136</gpxtpx:hr></gpxtpx:TrackPointExtension></extensions></trkpt>
    <trkpt lat="47.611902" lon="-122.366125"><ele>33.1</ele><time>2026-01-01T08:56:06Z</time><extensions><gpxtpx:TrackPointExtension><gpxtpx:hr>136</gpxtpx:hr></gpxtpx:TrackPointExtension></extensions></trkpt>
    <trkpt lat="47.61191" lon="-122.366013"><ele>32.8</ele><time>2026-01-01T08:56:09Z</time><extensions><gpxtpx:TrackPointExtension><gpxtpx:hr>140</gpxtpx:hr></gpxtpx:TrackPointExtension></extensions></trkpt>
    <trkpt lat="47.611919" lon="-122.365896"><ele>33.1</ele><time>2026-01-01T08:56:12Z</time><extensions><gpxtpx:TrackPointExtension><gpxtpx:hr>140</gpxtpx:hr></gpxtpx:TrackPointExtension></extensions></trkpt>
    <trkpt lat="47.611929" lon="-122.365788"><ele>33.5</ele><time>2026-01-01T08:56:15Z</time><extensions><gpxtpx:TrackPointExtension><gpxtpx:hr>141</gpxtpx:hr></gpxtpx:TrackPointExtension></extensions></trkpt>
    <trkpt lat="47.611939" lon="-122.365684"><ele>33.4</ele><time>2026-01-01T08:56:18Z</time><extensions><gpxtpx:TrackPointExtension><gpxtpx:hr>137</gpxtpx:hr></gpxtpx:TrackPointExtension></extensions></trkpt>
    <trkpt lat="47.611952" lon="-122.365572"><ele>33.4</ele><time>2026-01-01T08:56:21Z</time><extensions><gpxtpx:TrackPointExtension><gpxtpx:hr>139</gpxtpx:hr></gpxtpx:TrackPointExtension></extensions></trkpt>
    <trkpt lat="47.611966" lon="-122.365455"><ele>33.6</ele><time>2026-01-01T08:56:24Z</time><extensions><gpxtpx:TrackPointExtension><gpxtpx:hr>136</gpxtpx:hr></gpxtpx:TrackPointExtension></extensions></trkpt>
    <trkpt lat="47.61198" lon="-122.365344"><ele>33.2</ele><time>2026-01-01T08:56:27Z</time><extensions><gpxtpx:TrackPointExtension><gpxtpx:hr>137</gpxtpx:hr></gpxtpx:TrackPointExtension></extensions></trkpt>
    <trkpt lat="47.611996" lon="-122.36523"><ele>33.9</ele><time>2026-01-01T08:56:30Z</time><extensions><gpxtpx:TrackPointExtension><gpxtpx:hr>140</gpxtpx:hr></gpxtpx:TrackPointExtension></extensions></trkpt>
    <trkpt lat="47.612012" lon="-122.36512"><ele>33.2</ele><time>2026-01-01T08:56:33Z</time><extensions><gpxtpx:TrackPointExtension><gpxtpx:hr>140</gpxtpx:hr></gpxtpx:TrackPointExtension></extensions></trkpt>
    <trkpt lat="47.612031" lon="-122.365005"><ele>33.8</ele><time>2026-01-01T08:56:36Z</time><extensions><gpxtpx:TrackPointExtension><gpxtpx:hr>140</gpxtpx:hr></gpxtpx:TrackPointExtension></extensions></trkpt>
    <trkpt lat="47.61205" lon="-122.364893"><ele>33.6</ele><time>2026-01-01T08:56:39Z</time><extensions><gpxtpx:TrackPointExtension><gpxtpx:hr>141</gpxtpx:hr></gpxtpx:TrackPointExtension></extensions></trkpt>
    <trkpt lat="47.61207" lon="-122.364779"><ele>34.2</ele><time>2026-01-01T08:56:42Z</time><extensions><gpxtpx:TrackPointExtension><gpxtpx:hr>138</gpxtpx:hr></gpxtpx:TrackPointExtension></extensions></trkpt>
    <trkpt lat="47.61209" lon="-122.364676"><ele>33.9</ele><time>2026-01-01T08:56:45Z</time><extensions><gpxtpx:TrackPointExtension><gpxtpx:hr>140</gpxtpx:hr></gpxtpx:TrackPointExtension></extensions></trkpt>
    <trkpt lat="47.612112" lon="-122.364565"><ele>33.9</ele><time>2026-01-01T08:56:48Z</time><extensions><gpxtpx:TrackPointExtension><gpxtpx:hr>137</gpxtpx:hr></gpxtpx:TrackPointExtension></extensions></trkpt>
    <trkpt lat="47.612136" lon="-122.364452"><ele>34.4</ele><time>2026-01-01T08:56:51Z</time><extensions><gpxtpx:TrackPointExtension><gpxtpx:hr>140</gpxtpx:hr></gpxtpx:TrackPointExtension></extensions></trkpt>
    <trkpt lat="47.612161" lon="-122.364343"><ele>34.1</ele><time>2026-01-01T08:56:54Z</time><extensions><gpxtpx:TrackPointExtension><gpxtpx:hr>137</gpxtpx:hr></gpxtpx:TrackPointExtension></extensions></trkpt>
    <trkpt lat="47.612184" lon="-122.364241"><ele>34.5</ele><time>2026-01-01T08:56:57Z</time><extensions><gpxtpx:TrackPointExtension><gpxtpx:hr>139</gpxtpx:hr></gpxtpx:TrackPointExtension></extensions></trkpt>
    <trkpt lat="47.612209" lon="-122.364142"><ele>34.6</ele><time>2026-01-01T08:57:00Z</time><extensions><gpxtpx:TrackPointExtension><gpxtpx:hr>138</gpxtpx:hr></gpxtpx:TrackPointExtension></extensions></trkpt>
    <trkpt lat="47.612234" lon="-122.364043"><ele>34.2</ele><time>2026-01-01T08:57:03Z</time><extensions><gpxtpx:TrackPointExtension><gpxtpx:hr>142</gpxtpx:hr></gpxtpx:TrackPointExtension></extensions></trkpt>
    <trkpt lat="47.612263" lon="-122.363935"><ele>34.5</ele><time>2026-01-01T08:57:06Z</time><extensions><gpxtpx:TrackPointExtension><gpxtpx:hr>142</gpxtpx:hr></gpxtpx:TrackPointExtension></extensions></trkpt>
    <trkpt lat="47.612293" lon="-122.363826"><ele>34.5</ele><time>2026-01-01T08:57:09Z</time><extensions><gpxtpx:TrackPointExtension><gpxtpx:hr>138</gpxtpx:hr></gpxtpx:TrackPointExtension></extensions></trkpt>
    <trkpt lat="47.612324" lon="-122.363718"><ele>34.7</ele><time>2026-01-01T08:57:12Z</time><extensions><gpxtpx:TrackPointExtension><gpxtpx:hr>140</gpxtpx:hr></gpxtpx:TrackPointExtension></extensions></trkpt>
    <trkpt lat="47.612356" lon="-122.363611"><ele>35.2</ele><time>2026-01-01T08:57:15Z</time><extensions><gpxtpx:TrackPointExtension><gpxtpx:hr>141</gpxtpx:hr></gpxtpx:TrackPointExtension></extensions></trkpt>
    <trkpt lat="47.612388" lon="-122.36351"><ele>35.2</ele><time>2026-01-01T08:57:18Z</time><extensions><gpxtpx:TrackPointExtension><gpxtpx:hr>141</gpxtpx:hr></gpxtpx:TrackPointExtension></extensions></trkpt>
    <trkpt lat="47.61242" lon="-122.363411"><ele>35.4</ele><time>2026-01-01T08:57:21Z</time><extensions><gpxtpx:TrackPointExtension><gpxtpx:hr>144</gpxtpx:hr></gpxtpx:TrackPointExtension></extensions></trkpt>
    <trkpt lat="47.612456" lon="-122.363307"><ele>34.9</ele><time>2026-01-01T08:57:24Z</time><extensions><gpxtpx:TrackPointExtension><gpxtpx:hr>140</gpxtpx:hr></gpxtpx:TrackPointExtension></extensions></trkpt>
    <trkpt lat="47.61249" lon="-122.363207"><ele>35.6</ele><time>2026-01-01T08:57:27Z</time><extensions><gpxtpx:TrackPointExtension><gpxtpx:hr>141</gpxtpx:hr></gpxtpx:TrackPointExtension></extensions></trkpt>
    <trkpt lat="47.612524" lon="-122.363113"><ele>35.2</ele><time>2026-01-01T08:57:30Z</time><extensions><gpxtpx:TrackPointExtension><gpxtpx:hr>144</gpxtpx:hr></gpxtpx:TrackPointExtension></extensions></trkpt>
    <trkpt lat="47.612562" lon="-122.363014"><ele>35.8</ele><time>2026-01-01T08:57:33Z</time><extensions><gpxtpx:TrackPointExtension><gpxtpx:hr>145</gpxtpx:hr></gpxtpx:TrackPointExtension></extensions></trkpt>
    <trkpt lat="47.612598" lon="-122.362919"><ele>35.6</ele><time>2026-01-01T08:57:36Z</time><extensions><gpxtpx:TrackPointExtension><gpxtpx:hr>143</gpxtpx:hr></gpxtpx:TrackPointExtension></extensions></trkpt>
    <trkpt lat="47.612639" lon="-122.362818"><ele>35.6</ele><time>2026-01-01T08:57:39Z</time><extensions><gpxtpx:TrackPointExtension><gpxtpx:hr>139</gpxtpx:hr></gpxtpx:TrackPointExtension></extensions></trkpt>
    <trkpt lat="47.61268" lon="-122.362719"><ele>35.9</ele><time>2026-01-01T08:57:42Z</time><extensions><gpxtpx:TrackPointExtension><gpxtpx:hr>145</gpxtpx:hr></gpxtpx:TrackPointExtension></extensions></trkpt>
    <trkpt lat="47.612718" lon="-122.36263"><ele>36.1</ele><time>2026-01-01T08:57:45Z</time><extensions><gpxtpx:TrackPointExtension><gpxtpx:hr>141</gpxtpx:hr></gpxtpx:TrackPointExtension></extensions></trkpt>
    <trkpt lat="47.612758" lon="-122.362539"><ele>35.9</ele><time>2026-01-01T08:57:48Z</time><extensions><gpxtpx:TrackPointExtension><gpxtpx:hr>140</gpxtpx:hr></gpxtpx:TrackPointExtension></extensions></trkpt>
    <trkpt lat="47.612803" lon="-122.36244"><ele>35.9</ele><time>2026-01-01T08:57:51Z</time><extensions><gpxtpx:TrackPointExtension><gpxtpx:hr>144</gpxtpx:hr></gpxtpx:TrackPointExtension></extensions></trkpt>
    <trkpt lat="47.612845" lon="-122.36235"><ele>35.9</ele><time>2026-01-01T08:57:54Z</time><extensions><gpxtpx:TrackPointExtension><gpxtpx:hr>140</gpxtpx:hr></gpxtpx:TrackPointExtension></extensions></trkpt>
    <trkpt lat="47.612889" lon="-122.36226"><ele>36.0</ele><time>2026-01-01T08:57:57Z</time><extensions><gpxtpx:TrackPointExtension><gpxtpx:hr>141</gpxtpx:hr></gpxtpx:TrackPointExtension></extensions></trkpt>
    <trkpt lat="47.612932" lon="-122.362173"><ele>36.6</ele><time>2026-01-01T08:58:00Z</time><extensions><gpxtpx:TrackPointExtension><gpxtpx:hr>142</gpxtpx:hr></gpxtpx:TrackPointExtension></extensions></trkpt>
    <trkpt lat="47.61298" lon="-122.362081"><ele>36.4</ele><time>2026-01-01T08:58:03Z</time><extensions><gpxtpx:TrackPointExtension><gpxtpx:hr>142</gpxtpx:hr></gpxtpx:TrackPointExtension></extensions></trkpt>
    <trkpt lat="47.613026" lon="-122.361994"><ele>36.6</ele><time>2026-01-01T08:58:06Z</time><extensions><gpxtpx:TrackPointExtension><gpxtpx:hr>142</gpxtpx:hr></gpxtpx:TrackPointExtension></extensions></trkpt>
    <trkpt lat="47.613073" lon="-122.361907"><ele>36.2</ele><time>2026-01-01T08:58:09Z</time><extensions><gpxtpx:TrackPointExtension><gpxtpx:hr>146</gpxtpx:hr></gpxtpx:TrackPointExtension></extensions></trkpt>
    <trkpt lat="47.61312" lon="-122.361826"><ele>36.3</ele><time>2026-01-01T08:58:12Z</time><extensions><gpxtpx:TrackPointExtension><gpxtpx:hr>141</gpxtpx:hr></gpxtpx:TrackPointExtension></extensions></trkpt>
    <trkpt lat="47.613169" lon="-122.36174"><ele>36.8</ele><time>2026-01-01T08:58:15Z</time><extensions><gpxtpx:TrackPointExtension><gpxtpx:hr>145</gpxtpx:hr></gpxtpx:TrackPointExtension></extensions></trkpt>
    <trkpt lat="47.613218" lon="-122.361658"><ele>36.8</ele><time>2026-01-01T08:58:18Z</time><extensions><gpxtpx:TrackPointExtension><gpxtpx:hr>142</gpxtpx:hr></gpxtpx:TrackPointExtension></extensions></trkpt>
    <trkpt lat="47.61327" lon="-122.361573"><ele>37.3</ele><time>2026-01-01T08:58:21Z</time><extensions><gpxtpx:TrackPointExtension><gpxtpx:hr>141</gpxtpx:hr></gpxtpx:TrackPointExtension></extensions></trkpt>
    <trkpt lat="47.613318" lon="-122.361498"><ele>37.3</ele><time>2026-01-01T08:58:24Z</time><extensions><gpxtpx:TrackPointExtension><gpxtpx:hr>141</gpxtpx:hr></gpxtpx:TrackPointExtension></extensions></trkpt>
    <trkpt lat="47.613372" lon="-122.361416"><ele>37.4</ele><time>2026-01-01T08:58:27Z</time><extensions><gpxtpx:TrackPointExtension><gpxtpx:hr>146</gpxtpx:hr></gpxtpx:TrackPointExtension></extensions></trkpt>
    <trkpt lat="47.613425" lon="-122.361336"><ele>36.8</ele><time>2026-01-01T08:58:30Z</time><extensions><gpxtpx:TrackPointExtension><gpxtpx:hr>145</gpxtpx:hr></gpxtpx:TrackPointExtension></extensions></trkpt>
    <trkpt lat="47.613479" lon="-122.361258"><ele>37.5</ele><time>2026-01-01T08:58:33Z</time><extensions><gpxtpx:TrackPointExtension><gpxtpx:hr>143</gpxtpx:hr></gpxtpx:TrackPointExtension></extensions></trkpt>
    <trkpt lat="47.613535" lon="-122.36118"><ele>37.2</ele><time>2026-01-01T08:58:36Z</time><extensions><gpxtpx:TrackPointExtension><gpxtpx:hr>143</gpxtpx:hr></gpxtpx:TrackPointExtension></extensions></trkpt>
    <trkpt lat="47.613591" lon="-122.361104"><ele>37.4</ele><time>2026-01-01T08:58:39Z</time><extensions><gpxtpx:TrackPointExtension><gpxtpx:hr>147</gpxtpx:hr></gpxtpx:TrackPointExtension></extensions></trkpt>
    <trkpt lat="47.613643" lon="-122.361034"><ele>37.4</ele><time>2026-01-01T08:58:42Z</time><extensions><gpxtpx:TrackPointExtension><gpxtpx:hr>144</gpxtpx:hr></gpxtpx:TrackPointExtension></extensions></trkpt>
    <trkpt lat="47.613697" lon="-122.360965"><ele>37.9</ele><time>2026-01-01T08:58:45Z</time><extensions><gpxtpx:TrackPointExtension><gpxtpx:hr>144</gpxtpx:hr></gpxtpx:TrackPointExtension></extensions></trkpt>
    <trkpt lat="47.613756" lon="-122.360891"><ele>37.5</ele><time>2026-01-01T08:58:48Z</time><extensions><gpxtpx:TrackPointExtension><gpxtpx:hr>142</gpxtpx:hr></gpxtpx:TrackPointExtension></extensions></trkpt>
    <trkpt lat="47.613816" lon="-122.360818"><ele>37.8</ele><time>2026-01-01T08:58:51Z</time><extensions><gpxtpx:TrackPointExtension><gpxtpx:hr>148</gpxtpx:hr></gpxtpx:TrackPointExtension></extensions></trkpt>
    <trkpt lat="47.613876" lon="-122.360748"><ele>37.6</ele><time>2026-01-01T08:58:54Z</time><extensions><gpxtpx:TrackPointExtension><gpxtpx:hr>143</gpxtpx:hr></gpxtpx:TrackPointExtension></extensions></trkpt>
    <trkpt lat="47.613936" lon="-122.360679"><ele>38.1</ele><time>2026-01-01T08:58:57Z</time><extensions><gpxtpx:TrackPointExtension><gpxtpx:hr>143</gpxtpx:hr></gpxtpx:TrackPointExtension></extensions></trkpt>
    <trkpt lat="47.614001" lon="-122.360608"><ele>38.2</ele><time>2026-01-01T08:59:00Z</time><extensions><gpxtpx:TrackPointExtension><gpxtpx:hr>148</gpxtpx:hr></gpxtpx:TrackPointExtension></extensions></trkpt>
    <trkpt lat="47.614061" lon="-122.360542"><ele>37.9</ele><time>2026-01-01T08:59:03Z</time><extensions><gpxtpx:TrackPointExtension><gpxtpx:hr>146</gpxtpx:hr></gpxtpx:TrackPointExtension></extensions></trkpt>
    <trkpt lat="47.61412" lon="-122.360481"><ele>38.4</ele><time>2026-01-01T08:59:06Z</time><extensions><gpxtpx:TrackPointExtension><gpxtpx:hr>145</gpxtpx:hr></gpxtpx:TrackPointExtension></extensions></trkpt>
    <trkpt lat="47.614181" lon="-122.36042"><ele>38.0</ele><time>2026-01-01T08:59:09Z</time><extensions><gpxtpx:TrackPointExtension><gpxtpx:hr>144</gpxtpx:hr></gpxtpx:TrackPointExtension></extensions></trkpt>
    <trkpt lat="47.614244" lon="-122.360358"><ele>38.5</ele><time>2026-01-01T08:59:12Z</time><extensions><gpxtpx:TrackPointExtension><gpxtpx:hr>148</gpxtpx:hr></gpxtpx:TrackPointExtension></extensions></trkpt>
    <trkpt lat="47.614308" lon="-122.360297"><ele>38.6</ele><time>2026-01-01T08:59:15Z</time><extensions><gpxtpx:TrackPointExtension><gpxtpx:hr>143</gpxtpx:hr></gpxtpx:TrackPointExtension></extensions></trkpt>
    <trkpt lat="47.614376" lon="-122.360236"><ele>39.0</ele><time>2026-01-01T08:59:18Z</time><extensions><gpxtpx:TrackPointExtension><gpxtpx:hr>149</gpxtpx:hr></gpxtpx:TrackPointExtension></extensions></trkpt>
    <trkpt lat="47.614445" lon="-122.360174"><ele>38.5</ele><time>2026-01-01T08:59:21Z</time><extensions><gpxtpx:TrackPointExtension><gpxtpx:hr>146</gpxtpx:hr></gpxtpx:TrackPointExtension></extensions></trkpt>
    <trkpt lat="47.614513" lon="-122.360115"><ele>39.1</ele><time>2026-01-01T08:59:24Z</time><extensions><gpxtpx:TrackPointExtension><gpxtpx:hr>144</gpxtpx:hr></gpxtpx:TrackPointExtension></extensions></trkpt>
    <trkpt lat="47.614577" lon="-122.360063"><ele>39.3</ele><time>2026-01-01T08:59:27Z</time><extensions><gpxtpx:TrackPointExtension><gpxtpx:hr>146</gpxtpx:hr></gpxtpx:TrackPointExtension></extensions></trkpt>
    <trkpt lat="47.614644" lon="-122.360009"><ele>39.2</ele><time>2026-01-01T08:59:30Z</time><extensions><gpxtpx:TrackPointExtension><gpxtpx:hr>150</gpxtpx:hr></gpxtpx:TrackPointExtension></extensions></trkpt>
    <trkpt lat="47.614714" lon="-122.359955"><ele>39.0</ele><time>2026-01-01T08:59:33Z</time><extensions><gpxtpx:TrackPointExtension><gpxtpx:hr>148</gpxtpx:hr></gpxtpx:TrackPointExtension></extensions></trkpt>
    <trkpt lat="47.61478" lon="-122.359906"><ele>39.1</ele><time>2026-01-01T08:59:36Z</time><extensions><gpxtpx:TrackPointExtension><gpxtpx:hr>144</gpxtpx:hr></gpxtpx:TrackPointExtension></extensions></trkpt>
    <trkpt lat="47.614851" lon="-122.359854"><ele>39.0</ele><time>2026-01-01T08:59:39Z</time><extensions><gpxtpx:TrackPointExtension><gpxtpx:hr>146</gpxtpx:hr></gpxtpx:TrackPointExtension></extensions></trkpt>
    <trkpt lat="47.614915" lon="-122.35981"><ele>39.7</ele><time>2026-01-01T08:59:42Z</time><extensions><gpxtpx:TrackPointExtension><gpxtpx:hr>149</gpxtpx:hr></gpxtpx:TrackPointExtension></extensions></trkpt>
    <trkpt lat="47.614979" lon="-122.359767"><ele>39.3</ele><time>2026-01-01T08:59:45Z</time><extensions><gpxtpx:TrackPointExtension><gpxtpx:hr>151</gpxtpx:hr></gpxtpx:TrackPointExtension></extensions></trkpt>
    <trkpt lat="47.615051" lon="-122.359721"><ele>40.0</ele><time>2026-01-01T08:59:48Z</time><extensions><gpxtpx:TrackPointExtension><gpxtpx:hr>147</gpxtpx:hr></gpxtpx:TrackPointExtension></extensions></trkpt>
    <trkpt lat="47.615125" lon="-122.359676"><ele>39.8</ele><time>2026-01-01T08:59:51Z</time><extensions><gpxtpx:TrackPointExtension><gpxtpx:hr>148</gpxtpx:hr></gpxtpx:TrackPointExtension></extensions></trkpt>
    <trkpt lat="47.615193" lon="-122.359636"><ele>39.7</ele><time>2026-01-01T08:59:54Z</time><extensions><gpxtpx:TrackPointExtension><gpxtpx:hr>146</gpxtpx:hr></gpxtpx:TrackPointExtension></extensions></trkpt>
    <trkpt lat="47.615266" lon="-122.359595"><ele>40.1</ele><time>2026-01-01T08:59:57Z</time><extensions><gpxtpx:TrackPointExtension><gpxtpx:hr>148</gpxtpx:hr></gpxtpx:TrackPointExtension></extensions></trkpt>
  </trkseg></trk>
</gpx>
